SMILES,T,p,phi,LFS (cm/s)
CC,298,1,0.7,22.82
CC,298,1,0.8,30.86
CC,298,1,0.9,37.09
CC,298,1,1,41.2
CC,298,1,1.05,42.13
CC,298,1,1.1,42.26
CC,298,1,1.2,39.65
CC,298,1,1.25,36.87
CC,298,1,1.3,33.24
CC,298,1,1.35,28.91
CC,298,1,1.4,24.19
CC,308,1,0.7,24.22
CC,308,1,0.8,32.16
CC,308,1,0.9,38.82
CC,308,1,1,42.94
CC,308,1,1.05,43.86
CC,308,1,1.1,44.05
CC,308,1,1.2,41.24
CC,308,1,1.25,38.56
CC,308,1,1.3,34.77
CC,308,1,1.35,30.26
CC,308,1,1.4,25.69
CC,318,1,0.7,25.6
CC,318,1,0.8,33.96
CC,318,1,0.9,40.71
CC,318,1,1,45.16
CC,318,1,1.05,46.04
CC,318,1,1.1,46.09
CC,318,1,1.2,43.25
CC,318,1,1.25,40.37
CC,318,1,1.3,36.5
CC,318,1,1.35,31.96
CC,318,1,1.4,27.11
CC,328,1,0.7,26.89
CC,328,1,0.8,35.83
CC,328,1,0.9,42.77
CC,328,1,1,47.21
CC,328,1,1.05,48.2
CC,328,1,1.1,48.49
CC,328,1,1.2,45.48
CC,328,1,1.25,42.36
CC,328,1,1.3,38.46
CC,328,1,1.35,33.74
CC,328,1,1.4,28.67
CC,298,1,0.7,23.33
CC,298,1,0.84,36.67
CC,298,1,1.01,45.97
CC,298,1,1.13,49.44
CC,298,1,1.25,46.75
CC,298,1,1.37,32.75
CC,423,1,0.7,44.6
CC,423,1,0.84,66.99
CC,423,1,1.01,78.31
CC,423,1,1.13,84.03
CC,423,1,1.25,78.67
CC,423,1,1.37,64
CCC,298,1,0.7,21
CCC,298,1,0.8,29
CCC,298,1,0.9,35
CCC,298,1,1,38
CCC,298,1,1.1,41
CCC,298,1,1.2,39
CCC,298,2,0.9,27
CCC,298,2,1,30.5
CCC,298,2,1.1,32
CCC,298,2,1.2,30.5
CCC,298,2,1.3,28
CCC,298,1.5,0.9,28
CCC,298,1.5,1,31.5
CCC,298,1.5,1.1,35.5
CCC,298,1.5,1.2,35
CCC,298,1.5,1.3,31
CCC,298,1,0.9,31
CCC,298,1,1,35
CCC,298,1,1.1,37
CCC,298,1,1.2,35.5
CCC,298,1,1.3,31
CCCC,295,1,0.7,19
CCCC,295,1,0.8,26.8
CCCC,295,1,0.9,33.5
CCCC,295,1,1,36.9
CCCC,295,1,1.1,38.4
CCCC,295,1,1.2,36.7
CCCC,295,1,1.3,31.6
CCCC,295,1,1.4,23.7
CCCCC,298,1,0.7,20
CCCCC,298,1,0.8,28
CCCCC,298,1,0.9,33
CCCCC,298,1,1,37
CCCCC,298,1,1.1,39
CCCCC,298,1,1.2,36
CCCCC,298,1,1.3,32
CCCCC,298,1,1.4,25
CCCCC,358,1,0.7,27
CCCCC,358,1,0.8,37
CCCCC,358,1,0.9,44
CCCCC,358,1,1,49
CCCCC,358,1,1.1,50
CCCCC,358,1,1.2,48
CCCCC,358,1,1.3,43
CCCCC,358,1,1.4,33
CCCCC,398,1,0.7,32
CCCCC,398,1,0.8,44
CCCCC,398,1,0.9,52
CCCCC,398,1,1,59
CCCCC,398,1,1.1,60
CCCCC,398,1,1.2,58
CCCCC,398,1,1.3,51
CCCCC,398,1,1.4,42
CCCCC,353,1,0.7,27.7
CCCCC,353,1,0.8,35.7
CCCCC,353,1,0.9,43.2
CCCCC,353,1,1,46.2
CCCCC,353,1,1.1,47.7
CCCCC,353,1,1.2,46.2
CCCCC,353,1,1.3,42
CCCCC,353,1,1.4,30.1
CCCCCC,373,1,0.8,36
CCCCCC,373,1,0.9,44
CCCCCC,373,1,1,48
CCCCCC,373,1,1.1,51
CCCCCC,373,1,1.2,50
CCCCCC,373,1,1.3,45
CCCCCC,373,1,1.4,35
CCCCCC,353,1,0.8,40.6
CCCCCC,353,1,0.9,47.5
CCCCCC,353,1,1,50.5
CCCCCC,353,1,1.05,50.7
CCCCCC,353,1,1.1,50.1
CCCCCC,353,1,1.2,46.3
CCCCCC,353,1,1.3,38.4
CCCCCC,353,1,1.4,27.7
CCCCCCC,353,1,0.8,37
CCCCCCC,353,1,0.9,44
CCCCCCC,353,1,1,46
CCCCCCC,353,1,1.1,48
CCCCCCC,353,1,1.2,46
CCCCCCC,353,1,1.3,41
CCCCCCC,353,1,1.4,32
CCCCCCC,353,2,0.7,24
CCCCCCC,353,2,0.8,31
CCCCCCC,353,2,0.9,38
CCCCCCC,353,2,1,42
CCCCCCC,353,2,1.1,43
CCCCCCC,353,2,1.2,40
CCCCCCC,353,2,1.3,36
CCCCCCC,353,5,0.7,16
CCCCCCC,353,5,0.8,24
CCCCCCC,353,5,0.9,29
CCCCCCC,353,5,1,33
CCCCCCC,353,5,1.1,34
CCCCCCC,298,1,0.7,20
CCCCCCC,298,1,0.8,28
CCCCCCC,298,1,0.9,32
CCCCCCC,298,1,1,36
CCCCCCC,298,1,1.1,38
CCCCCCC,298,1,1.2,36
CCCCCCC,298,1,1.3,31
CCCCCCC,298,1,1.4,23
CCCCCCC,358,1,0.7,29
CCCCCCC,358,1,0.8,38.7
CCCCCCC,358,1,0.9,46.7
CCCCCCC,358,1,1,51.3
CCCCCCC,358,1,1.1,52.2
CCCCCCC,358,1,1.2,49.5
CCCCCCC,358,1,1.3,43
CCCCCCC,358,1,1.4,35.4
CCCCCCC,398,1,0.7,35
CCCCCCC,398,1,0.8,45
CCCCCCC,398,1,0.9,52
CCCCCCC,398,1,1,59
CCCCCCC,398,1,1.1,60
CCCCCCC,398,1,1.2,58
CCCCCCC,398,1,1.3,50
CCCCCCC,398,1,1.4,41
CCCCCCCC,353,1,0.7,30
CCCCCCCC,353,1,0.8,39
CCCCCCCC,353,1,0.9,46.6
CCCCCCCC,353,1,1,50
CCCCCCCC,353,1,1.05,51.1
CCCCCCCC,353,1,1.1,50.5
CCCCCCCC,353,1,1.2,45.9
CCCCCCCC,353,1,1.3,38
CCCCCCCC,353,1,1.4,28.5
CCCCCCCCC,403,1,0.7,41
CCCCCCCCC,403,1,0.8,50
CCCCCCCCC,403,1,0.9,60
CCCCCCCCC,403,1,1,62
CCCCCCCCC,403,1,1.1,62
CCCCCCCCC,403,1,1.2,57
CCCCCCCCC,403,1,1.3,49
CCCCCCCCC,403,1,1.4,38
CCCCCCCCCC,403,1,0.7,40
CCCCCCCCCC,403,1,0.8,50
CCCCCCCCCC,403,1,0.9,59
CCCCCCCCCC,403,1,1,61
CCCCCCCCCC,403,1,1.1,61.5
CCCCCCCCCC,403,1,1.2,57
CCCCCCCCCC,403,1,1.3,49
CCCCCCCCCC,403,1,1.4,35
CCCCCCCCCCCC,403,1,0.7,41
CCCCCCCCCCCC,403,1,0.8,50
CCCCCCCCCCCC,403,1,0.9,58
CCCCCCCCCCCC,403,1,1,61
CCCCCCCCCCCC,403,1,1.1,62
CCCCCCCCCCCC,403,1,1.2,57
CCCCCCCCCCCC,403,1,1.3,48
CCCCCCCCCCCC,403,1,1.4,38
CC(C)C,298,1,0.8,25
CC(C)C,298,1,0.9,29
CC(C)C,298,1,1,32
CC(C)C,298,1,1.1,33
CC(C)C,298,1,1.2,31
CC(C)CCC,360,5,0.8,22
CC(C)CCC,360,5,0.86,26
CC(C)CCC,360,5,0.96,32.5
CC(C)CCC,360,5,1.05,34
CC(C)CCC,360,5,1.16,33
CC(C)CCC,360,5,1.26,31
CC(C)(C)CC,360,5,0.78,21.35
CC(C)(C)CC,360,5,0.88,26.79
CC(C)(C)CC,360,5,0.98,30.87
CC(C)(C)CC,360,5,1.07,33.06
CC(C)(C)CC,360,5,1.17,30.98
CC(C)(C)CC,360,5,1.27,28.85
CC(C)(C)CC,360,5,1.36,23.47
CC(C)CCCCC,353,1,0.7,26
CC(C)CCCCC,353,1,0.8,34
CC(C)CCCCC,353,1,0.9,42
CC(C)CCCCC,353,1,1,46
CC(C)CCCCC,353,1,1.1,46
CC(C)CCCCC,353,1,1.2,41
CC(C)CCCCC,353,1,1.3,32
CC(C)CCCCC,353,1,1.4,24
CCC(C)CCCC,353,1,0.7,26
CCC(C)CCCC,353,1,0.8,35
CCC(C)CCCC,353,1,0.9,42
CCC(C)CCCC,353,1,1,47
CCC(C)CCCC,353,1,1.1,47
CCC(C)CCCC,353,1,1.2,41
CCC(C)CCCC,353,1,1.3,34
CCC(C)CCCC,353,1,1.4,26
CC(C)CCC(C)C,353,1,0.7,25
CC(C)CCC(C)C,353,1,0.8,33
CC(C)CCC(C)C,353,1,0.9,40
CC(C)CCC(C)C,353,1,1,44
CC(C)CCC(C)C,353,1,1.1,44.5
CC(C)CCC(C)C,353,1,1.2,39
CC(C)CCC(C)C,353,1,1.3,32
CC(C)CCC(C)C,353,1,1.4,24
CC(C)(C)CC(C)C,300,1,0.7,15
CC(C)(C)CC(C)C,300,1,0.8,23
CC(C)(C)CC(C)C,300,1,0.9,29
CC(C)(C)CC(C)C,300,1,1,33
CC(C)(C)CC(C)C,300,1,1.1,35
CC(C)(C)CC(C)C,300,1,1.2,34
CC(C)(C)CC(C)C,300,1,1.3,27
CC(C)(C)CC(C)C,300,1,1.4,19
CC(C)(C)CC(C)C,450,2,0.7,30
CC(C)(C)CC(C)C,450,2,0.8,41
CC(C)(C)CC(C)C,450,2,0.9,50
CC(C)(C)CC(C)C,450,2,1,55
CC(C)(C)CC(C)C,450,2,1.1,58
CC(C)(C)CC(C)C,450,2,1.2,57
CC(C)(C)CC(C)C,450,2,1.3,50
CC(C)(C)CC(C)C,450,2,1.4,36
CC(C)(C)CC(C)C,298,1,0.7,17
CC(C)(C)CC(C)C,298,1,0.8,23.5
CC(C)(C)CC(C)C,298,1,0.9,29.3
CC(C)(C)CC(C)C,298,1,1,32.6
CC(C)(C)CC(C)C,298,1,1.1,34
CC(C)(C)CC(C)C,298,1,1.2,32.5
CC(C)(C)CC(C)C,298,1,1.3,28
CC(C)(C)CC(C)C,298,1,1.4,21.4
CC(C)(C)CC(C)C,358,1,0.7,26.2
CC(C)(C)CC(C)C,358,1,0.8,33.2
CC(C)(C)CC(C)C,358,1,0.9,39.9
CC(C)(C)CC(C)C,358,1,1,43.5
CC(C)(C)CC(C)C,358,1,1.1,44.6
CC(C)(C)CC(C)C,358,1,1.2,42
CC(C)(C)CC(C)C,358,1,1.3,35.6
CC(C)(C)CC(C)C,358,1,1.4,26.2
CC(C)(C)CC(C)C,398,1,0.7,30.5
CC(C)(C)CC(C)C,398,1,0.8,39.5
CC(C)(C)CC(C)C,398,1,0.9,47.8
CC(C)(C)CC(C)C,398,1,1,52.1
CC(C)(C)CC(C)C,398,1,1.1,53.3
CC(C)(C)CC(C)C,398,1,1.2,50.7
CC(C)(C)CC(C)C,398,1,1.3,44.4
CC(C)(C)CC(C)C,398,1,1.4,34.5
C1CCCC1,353,1,0.7,23.7
C1CCCC1,353,1,0.8,32.9
C1CCCC1,353,1,0.9,40.1
C1CCCC1,353,1,1,45
C1CCCC1,353,1,1.1,45.8
C1CCCC1,353,1,1.2,43.8
C1CCCC1,353,1,1.3,37.2
C1CCCC1,353,1,1.4,28
C1CCCC1,403,1,0.7,29.3
C1CCCC1,403,1,0.8,41
C1CCCC1,403,1,0.9,48.3
C1CCCC1,403,1,1,53.7
C1CCCC1,403,1,1.1,56.6
C1CCCC1,403,1,1.2,53.5
C1CCCC1,403,1,1.3,47.8
C1CCCC1,403,1,1.4,37.7
C1CCCC1,453,1,0.7,38.2
C1CCCC1,453,1,0.8,50
C1CCCC1,453,1,0.9,60.2
C1CCCC1,453,1,1,68
C1CCCC1,453,1,1.1,70
C1CCCC1,453,1,1.2,67
C1CCCC1,453,1,1.3,59.4
C1CCCC1,453,1,1.4,47.9
C1CCCC1,403,2,0.7,24.6
C1CCCC1,403,2,0.8,33
C1CCCC1,403,2,0.9,41.3
C1CCCC1,403,2,1,46.4
C1CCCC1,403,2,1.1,47.9
C1CCCC1,403,2,1.2,45.1
C1CCCC1,403,2,1.3,37.2
C1CCCC1,403,2,1.4,28.4
C1CCCC1,403,5,0.7,17.8
C1CCCC1,403,5,0.8,25.5
C1CCCC1,403,5,0.9,32.7
C1CCCC1,403,5,1,35.4
C1CCCC1,403,5,1.1,36.7
C1CCCC1,403,5,1.2,34.3
C1CCCCC1,353,1,0.7,26
C1CCCCC1,353,1,0.8,36
C1CCCCC1,353,1,0.9,44
C1CCCCC1,353,1,1,46
C1CCCCC1,353,1,1.1,48
C1CCCCC1,353,1,1.2,45
C1CCCCC1,353,1,1.3,40
C1CCCCC1,353,1,1.4,33
C1CCCCC1,403,1,0.7,35
C1CCCCC1,403,1,0.8,45
C1CCCCC1,403,1,0.9,54
C1CCCCC1,403,1,1,57
C1CCCCC1,403,1,1.1,58
C1CCCCC1,403,1,1.2,56
C1CCCCC1,403,1,1.3,51
C1CCCCC1,403,1,1.4,44
C1CCCCC1,453,1,0.7,42
C1CCCCC1,453,1,0.8,54
C1CCCCC1,453,1,0.9,65
C1CCCCC1,453,1,1,70
C1CCCCC1,453,1,1.1,73
C1CCCCC1,453,1,1.2,69
C1CCCCC1,453,1,1.3,64
C1CCCCC1,453,1,1.4,54.5
C1CCCCC1,403,2,0.7,29
C1CCCCC1,403,2,0.8,37
C1CCCCC1,403,2,0.9,45
C1CCCCC1,403,2,1,50
C1CCCCC1,403,2,1.1,51
C1CCCCC1,403,2,1.2,49
C1CCCCC1,403,2,1.3,45
C1CCCCC1,403,2,1.4,36
C1CCCCC1,403,5,0.7,17
C1CCCCC1,403,5,0.8,28
C1CCCCC1,403,5,0.9,35
C1CCCCC1,403,5,1,39
C1CCCCC1,403,5,1.1,40
C1CCCCC1,403,5,1.2,38
C1CCCCC1,353,1,0.7,32.8
C1CCCCC1,353,1,0.8,41.4
C1CCCCC1,353,1,0.9,48.37
C1CCCCC1,353,1,1,51
C1CCCCC1,353,1,1.05,52.8
C1CCCCC1,353,1,1.1,51
C1CCCCC1,353,1,1.2,46.8
C1CCCCC1,353,1,1.3,38
C1CCCCC1,353,1,1.4,29
CC1CCCCC1,400,1,0.7,35
CC1CCCCC1,400,1,0.8,46
CC1CCCCC1,400,1,0.9,54
CC1CCCCC1,400,1,1,58
CC1CCCCC1,400,1,1.1,62
CC1CCCCC1,400,1,1.2,60
CC1CCCCC1,400,1,1.3,53
CC1CCCCC1,400,1,1.4,43
CC1CCCCC1,400,3,0.7,26
CC1CCCCC1,400,3,0.8,35.5
CC1CCCCC1,400,3,0.9,42
CC1CCCCC1,400,3,1,46
CC1CCCCC1,400,3,1.1,45
CC1CCCCC1,400,3,1.2,43
CC1CCCCC1,400,3,1.3,36
CC1CCCCC1,400,3,1.4,29
CC1CCCCC1,450,1,0.7,48
CC1CCCCC1,450,1,0.8,60
CC1CCCCC1,450,1,0.9,68
CC1CCCCC1,450,1,1,71
CC1CCCCC1,450,1,1.1,73
CC1CCCCC1,450,1,1.2,68
CC1CCCCC1,450,1,1.3,56
CC1CCCCC1,450,1,1.4,47
CC1CCCCC1,450,3,0.7,36
CC1CCCCC1,450,3,0.8,45
CC1CCCCC1,450,3,0.9,55
CC1CCCCC1,450,3,1,59
CC1CCCCC1,450,3,1.1,58
CC1CCCCC1,450,3,1.2,51
CC1CCCCC1,450,3,1.3,43
CC1CCCCC1,450,3,1.4,35
CCC1CCCCC1,353,1,0.68,26
CCC1CCCCC1,353,1,0.78,35
CCC1CCCCC1,353,1,0.88,41
CCC1CCCCC1,353,1,0.98,45
CCC1CCCCC1,353,1,1.08,46
CCC1CCCCC1,353,1,1.18,45
CCC1CCCCC1,353,1,1.28,40
CCC1CCCCC1,353,2,0.68,24
CCC1CCCCC1,353,2,0.78,30
CCC1CCCCC1,353,2,0.88,35
CCC1CCCCC1,353,2,0.98,39
CCC1CCCCC1,353,2,1.08,41
CCC1CCCCC1,353,2,1.18,38
CCC1CCCCC1,353,2,1.28,34
CCC1CCCCC1,353,2,1.38,26
CCC1CCCCC1,353,5,0.68,16
CCC1CCCCC1,353,5,0.78,23
CCC1CCCCC1,353,5,0.88,28
CCC1CCCCC1,353,5,0.98,31
CCC1CCCCC1,353,5,1.08,32
CCCC1CCCCC1,353,1,0.7,31
CCCC1CCCCC1,353,1,0.8,37
CCCC1CCCCC1,353,1,0.9,44
CCCC1CCCCC1,353,1,1,46
CCCC1CCCCC1,353,1,1.1,47
CCCC1CCCCC1,353,1,1.2,43
CCCC1CCCCC1,353,1,1.3,36
CCCC1CCCCC1,353,1,1.4,27
CCCCC1CCCCC1,353,1,0.7,30
CCCCC1CCCCC1,353,1,0.8,40
CCCCC1CCCCC1,353,1,0.9,44
CCCCC1CCCCC1,353,1,1,46
CCCCC1CCCCC1,353,1,1.1,47
CCCCC1CCCCC1,353,1,1.2,43
CCCCC1CCCCC1,353,1,1.3,35
CCCCC1CCCCC1,353,1,1.4,28
C=C,298,1,0.7,39.07
C=C,298,1,0.8,51.06
C=C,298,1,0.9,60.75
C=C,298,1,1,67.19
C=C,298,1,1.1,70.24
C=C,298,1,1.2,69.83
C=C,298,1,1.3,65.35
C=C,298,1,1.4,57.14
C=C,298,1,0.7,31.43
C=C,298,1,0.8,45.06
C=C,298,1,0.9,55.65
C=C,298,1,1,62.86
C=C,298,1,1.1,66.37
C=C,298,1,1.2,66.31
C=C,298,1,1.3,62.14
C=C,298,1,1.4,55.24
C=C,298,1,0.7,36.89
C=C,298,1,0.75,40.79
C=C,298,1,0.8,47.11
C=C,298,1,0.9,57.14
C=C,298,1,0.95,59.84
C=C,298,1,1,61.7
C=C,298,1,1.1,66.16
C=C,298,1,1.15,67.36
C=C,298,1,1.2,66.71
C=C,298,1,1.3,61.23
C=C,298,1,1.4,51.75
C=CC,298,1,0.7,25
C=CC,298,1,0.8,32
C=CC,298,1,0.9,39
C=CC,298,1,1,45
C=CC,298,1,1.1,46
C=CC,298,1,1.2,45
C=CC,298,1,1.3,40
C=CC,298,1,1.4,31
C=CC,358,1,0.7,32
C=CC,358,1,0.8,43
C=CC,358,1,0.9,52
C=CC,358,1,1,58
C=CC,358,1,1.1,61
C=CC,358,1,1.2,59
C=CC,358,1,1.3,53
C=CC,358,1,1.4,45
C=CC,398,1,0.7,41
C=CC,398,1,0.8,54
C=CC,398,1,0.9,65
C=CC,398,1,1,71
C=CC,398,1,1.1,73
C=CC,398,1,1.2,71
C=CC,398,1,1.3,64
C=CC,398,1,1.4,52
C=CCC,350,1,0.7,37.2
C=CCC,350,1,0.8,46.4
C=CCC,350,1,0.9,53
C=CCC,350,1,1,55.7
C=CCC,350,1,1.1,57.4
C=CCC,350,1,1.2,56
C=CCC,350,1,1.3,51.3
C=CCC,350,1,1.4,45.2
C=CCC,400,1,0.7,48.4
C=CCC,400,1,0.8,60.2
C=CCC,400,1,0.9,67.3
C=CCC,400,1,1,71.4
C=CCC,400,1,1.1,75.1
C=CCC,400,1,1.2,71.1
C=CCC,400,1,1.3,65.6
C=CCC,400,1,1.4,58.2
C=CCC,450,1,0.7,60.6
C=CCC,450,1,0.8,74.1
C=CCC,450,1,0.9,84
C=CCC,450,1,1,88
C=CCC,450,1,1.1,88.5
C=CCC,450,1,1.2,87.4
C=CCC,450,1,1.3,81
C=CCC,450,1,1.4,69
C=CCC,298,1,0.7,25
C=CCC,298,1,0.8,32
C=CCC,298,1,0.9,38.3
C=CCC,298,1,1,41.5
C=CCC,298,1,1.1,42.5
C=CCC,298,1,1.2,40
C=CCC,298,1,1.3,33
C=CCC,298,1,1.4,25.4
C=CCC,300,1,0.7,21.73
C=CCC,300,1,0.8,31.29
C=CCC,300,1,0.9,37.07
C=CCC,300,1,1,40.54
C=CCC,300,1,1.1,41.39
C=CCC,300,1,1.2,40.77
C=CCC,300,1,1.3,35.38
C=CCC,300,1,1.4,28.44
C=CCC,300,2,0.7,19.15
C=CCC,300,2,0.8,25.71
C=CCC,300,2,0.9,32.28
C=CCC,300,2,1,35.52
C=CCC,300,2,1.1,37.14
C=CCC,300,2,1.2,34.83
C=CCC,300,2,1.3,30.66
C=CCC,300,2,1.4,23.63
C=CCC,300,5,0.7,13
C=CCC,300,5,0.8,18.72
C=CCC,300,5,0.9,23.83
C=CCC,300,5,1,27.39
C=CCC,300,5,1.1,28.94
C=CCC,300,5,1.2,27.78
CC=CC,298,1,0.7,22.2
CC=CC,298,1,0.8,30.7
CC=CC,298,1,1,39.5
CC=CC,298,1,1.2,36.1
CC=CC,298,1,1.4,21.2
CC=CC,300,1,0.8,30
CC=CC,300,1,0.9,35.4
CC=CC,300,1,1,39.5
CC=CC,300,1,1.1,41.2
CC=CC,300,1,1.2,40.5
CC=CC,300,1,1.3,36.4
CC=CC,300,1,1.4,29.6
CC=CC,298,1,0.7,18.9
CC=CC,298,1,0.8,28.1
CC=CC,298,1,0.9,34.9
CC=CC,298,1,1,38.6
CC=CC,298,1,1.1,40.3
CC=CC,298,1,1.2,39
CC=CC,298,1,1.3,33.6
CC=CC,298,1,1.4,27.4
CC=CC,298,2,0.7,14.7
CC=CC,298,2,0.8,23.5
CC=CC,298,2,0.9,29.2
CC=CC,298,2,1,32.7
CC=CC,298,2,1.1,34.6
CC=CC,298,2,1.2,33.2
CC=CC,298,2,1.3,28.7
CC=CC,298,2,1.4,22.1
CC=CC,298,5,0.7,10.4
CC=CC,298,5,0.8,16.2
CC=CC,298,5,0.9,21
CC=CC,298,5,1,25.1
CC=CC,298,5,1.1,25.9
CC=CC,298,5,1.2,24.4
C=CCCC,350,1,0.7,31
C=CCCC,350,1,0.8,41
C=CCCC,350,1,0.9,48
C=CCCC,350,1,1,53
C=CCCC,350,1,1.1,54
C=CCCC,350,1,1.2,50
C=CCCC,350,1,1.3,43
C=CCCC,350,1,1.4,31
C=CCCC,450,1,0.7,57
C=CCCC,450,1,0.8,70
C=CCCC,450,1,0.9,76
C=CCCC,450,1,1,77
C=CCCC,450,1,1.1,80
C=CCCC,450,1,1.2,75
C=CCCC,450,1,1.3,65
C=CCCC,450,1,1.4,51
C=CCCC,350,3,0.7,22
C=CCCC,350,3,0.8,30
C=CCCC,350,3,0.9,36
C=CCCC,350,3,1,40
C=CCCC,350,3,1.1,42
C=CCCC,350,3,1.2,37
C=CCCC,350,3,1.3,31
C=CCCC,350,3,1.4,25
C=CCCC,450,3,0.7,42
C=CCCC,450,3,0.8,54
C=CCCC,450,3,0.9,57
C=CCCC,450,3,1,61
C=CCCC,450,3,1.1,64
C=CCCC,450,3,1.2,60
C=CCCC,450,3,1.3,55
C=CCCC,450,3,1.4,44
C=CCCC,353,1,0.7,27.7
C=CCCC,353,1,0.8,39.7
C=CCCC,353,1,0.9,44.3
C=CCCC,353,1,1,51
C=CCCC,353,1,1.1,53.1
C=CCCC,353,1,1.2,51
C=CCCC,353,1,1.3,44.2
C=CCCC,353,1,1.4,35.2
C=CCCC,353,2,0.7,22.5
C=CCCC,353,2,0.8,31.3
C=CCCC,353,2,0.9,38.4
C=CCCC,353,2,1,43.7
C=CCCC,353,2,1.1,45
C=CCCC,353,2,1.2,43
C=CCCC,353,2,1.3,38.8
C=CCCC,353,2,1.4,31.5
C=CCCC,353,4,0.7,17.7
C=CCCC,353,4,0.8,25.4
C=CCCC,353,4,0.9,32.3
C=CCCC,353,4,1,37.3
C=CCCC,353,4,1.1,38.8
C=CCCC,393,1,0.7,35
C=CCCC,393,1,0.8,45
C=CCCC,393,1,0.9,52.7
C=CCCC,393,1,1,59.4
C=CCCC,393,1,1.1,62
C=CCCC,393,1,1.2,60.8
C=CCCC,393,1,1.3,54.4
C=CCCC,393,1,1.4,44.6
C=CCCC,433,1,0.7,41.4
C=CCCC,433,1,0.8,54.1
C=CCCC,433,1,0.9,62
C=CCCC,433,1,1,68.7
C=CCCC,433,1,1.1,71.4
C=CCCC,433,1,1.2,69
C=CCCC,433,1,1.3,63.2
C=CCCC,433,1,1.4,53.9
CC=CCC,353,1,0.7,28
CC=CCC,353,1,0.8,37
CC=CCC,353,1,0.9,45
CC=CCC,353,1,1,48
CC=CCC,353,1,1.1,52
CC=CCC,353,1,1.2,50
CC=CCC,353,1,1.3,44
CC=CCC,353,1,1.4,35
C=CCCCC,413,1,0.8,49
C=CCCCC,413,1,0.9,57
C=CCCCC,413,1,1,62
C=CCCCC,413,1,1.1,65
C=CCCCC,413,1,1.2,65.5
C=CCCCC,413,1,1.3,64
C=CCCCC,413,1,1.4,54
C=CCCCC,413,5,0.8,31
C=CCCCC,413,5,0.9,39
C=CCCCC,413,5,1,45
C=CCCCC,413,5,1.1,47
C=CCCCC,413,2,0.8,40
C=CCCCC,413,2,0.9,48
C=CCCCC,413,2,1,55
C=CCCCC,413,2,1.1,59
C=CCCCC,413,2,1.2,58
C=CCCCC,413,2,1.3,54
C=CCCCC,413,2,1.4,44
C=CCCCC,373,1,0.8,40
C=CCCCC,373,1,0.9,48
C=CCCCC,373,1,1,52
C=CCCCC,373,1,1.1,56
C=CCCCC,373,1,1.2,55
C=CCCCC,373,1,1.3,52
C=CCCCC,373,1,1.4,45
C=CCCCC,453,1,0.8,55
C=CCCCC,453,1,0.9,66
C=CCCCC,453,1,1,73
C=CCCCC,453,1,1.1,76
C=CCCCC,453,1,1.2,77
C=CCCCC,453,1,1.3,72
C=CCCCC,453,1,1.4,64
C=CCCCC,300,1,0.7,23
C=CCCCC,300,1,0.8,30
C=CCCCC,300,1,0.9,39
C=CCCCC,300,1,1,44
C=CCCCC,300,1,1.1,45.5
C=CCCCC,300,1,1.2,45
C=CCCCC,300,1,1.3,39
C=CCCCC,300,1,1.4,29
C=CCCCC,450,2,0.7,41
C=CCCCC,450,2,0.8,58
C=CCCCC,450,2,0.9,69
C=CCCCC,450,2,1,76
C=CCCCC,450,2,1.1,80
C=CCCCC,450,2,1.2,77
C=CCCCC,450,2,1.3,70
C=CCCCC,450,2,1.4,55
C=CCCCC,373,1,0.7,30.3
C=CCCCC,373,1,0.8,41
C=CCCCC,373,1,0.9,48
C=CCCCC,373,1,1,52.3
C=CCCCC,373,1,1.1,53.2
C=CCCCC,373,1,1.2,52.6
C=CCCCC,373,1,1.3,48.9
C=CCCCC,373,1,1.4,40.7
C=CCCCC,373,2,0.7,25.7
C=CCCCC,373,2,0.8,34.9
C=CCCCC,373,2,0.9,42.2
C=CCCCC,373,2,1,46.4
C=CCCCC,373,2,1.1,47.5
C=CCCCC,373,2,1.2,46.8
C=CCCCC,373,2,1.3,42
C=CCCCC,373,2,1.4,34.3
C=CCCCC,373,5,0.7,19.6
C=CCCCC,373,5,0.8,27.4
C=CCCCC,373,5,0.9,34.2
C=CCCCC,373,5,1,38.5
C=CCCCC,373,5,1.1,39.1
CC=CCCC,373,1,0.8,40
CC=CCCC,373,1,0.9,47
CC=CCCC,373,1,1,52
CC=CCCC,373,1,1.1,55
CC=CCCC,373,1,1.2,54
CC=CCCC,373,1,1.3,48
CC=CCCC,373,1,1.4,40
CC=CCCC,413,1,0.8,47
CC=CCCC,413,1,0.9,56
CC=CCCC,413,1,1,61
CC=CCCC,413,1,1.1,65
CC=CCCC,413,1,1.2,64
CC=CCCC,413,1,1.3,57
CC=CCCC,413,1,1.4,50
CCC=CCC,373,1,0.8,38
CCC=CCC,373,1,0.9,46
CCC=CCC,373,1,1,52
CCC=CCC,373,1,1.1,55
CCC=CCC,373,1,1.2,54
CCC=CCC,373,1,1.3,48
CCC=CCC,373,1,1.4,40
C=CCCCCC,373,5,0.7,20
C=CCCCCC,373,5,0.8,29
C=CCCCCC,373,5,0.9,36
C=CCCCCC,373,5,1,41
C=CCCCCC,373,5,1.1,42
C=CCCCCC,373,2,0.7,27
C=CCCCCC,373,2,0.8,36
C=CCCCCC,373,2,0.9,45
C=CCCCCC,373,2,1,49
C=CCCCCC,373,2,1.1,51
C=CCCCCC,373,2,1.2,50
C=CCCCCC,373,2,1.3,44
C=CCCCCC,373,1,0.7,31
C=CCCCCC,373,1,0.8,44
C=CCCCCC,373,1,0.9,52
C=CCCCCC,373,1,1,55
C=CCCCCC,373,1,1.1,57
C=CCCCCC,373,1,1.2,56
C=CCCCCC,373,1,1.3,50
C=CCCCCC,373,1,1.4,43
C=C(C)C,298,1,0.7,23.4
C=C(C)C,298,1,0.8,30.6
C=C(C)C,298,1,0.9,36.4
C=C(C)C,298,1,1,38.5
C=C(C)C,298,1,1.1,38.2
C=C(C)C,298,1,1.2,35
C=C(C)C,298,1,1.3,28.6
C=C(C)C,298,1,1.4,20
C=C(C)C,358,1,0.7,32
C=C(C)C,358,1,0.8,40
C=C(C)C,358,1,0.9,47.6
C=C(C)C,358,1,1,51
C=C(C)C,358,1,1.1,50
C=C(C)C,358,1,1.2,45
C=C(C)C,358,1,1.3,37
C=C(C)C,358,1,1.4,28
C=C(C)C,398,1,0.7,36.9
C=C(C)C,398,1,0.8,47.6
C=C(C)C,398,1,0.9,55
C=C(C)C,398,1,1,59.5
C=C(C)C,398,1,1.1,58.9
C=C(C)C,398,1,1.2,53.5
C=C(C)C,398,1,1.3,46.6
C=C(C)C,398,1,1.4,35
C=C(C)C,298,1,0.7,19
C=C(C)C,298,1,0.8,26.4
C=C(C)C,298,1,0.9,31.6
C=C(C)C,298,1,1,35.2
C=C(C)C,298,1,1.1,36.2
C=C(C)C,298,1,1.2,35
C=C(C)C,298,1,1.3,30.3
C=C(C)C,298,1,1.4,23.6
C=C(C)C,298,2,0.7,15.8
C=C(C)C,298,2,0.8,22.1
C=C(C)C,298,2,0.9,27.1
C=C(C)C,298,2,1,29.8
C=C(C)C,298,2,1.1,30.9
C=C(C)C,298,2,1.2,28.3
C=C(C)C,298,2,1.3,24.2
C=C(C)C,298,2,1.4,17.1
C=C(C)C,298,5,0.7,11.2
C=C(C)C,298,5,0.8,15
C=C(C)C,298,5,0.9,19.2
C=C(C)C,298,5,1,21.7
C=C(C)C,298,5,1.1,22.6
C=C(C)C,298,5,1.2,21.8
CC(C)=CC,450,3,0.7,34.7
CC(C)=CC,450,3,0.8,44.2
CC(C)=CC,450,3,0.9,54.2
CC(C)=CC,450,3,1,59
CC(C)=CC,450,3,1.1,59.1
CC(C)=CC,450,3,1.2,55.3
CC(C)=CC,450,3,1.3,46.7
CC(C)=CC,450,3,1.4,34.9
CC(C)=CC,450,1,0.7,48
CC(C)=CC,450,1,0.8,62
CC(C)=CC,450,1,0.9,71
CC(C)=CC,450,1,1,74
CC(C)=CC,450,1,1.1,76
CC(C)=CC,450,1,1.2,72
CC(C)=CC,450,1,1.3,64
CC(C)=CC,450,1,1.4,48
CC(C)=CC,353,1,0.7,26
CC(C)=CC,353,1,0.8,35
CC(C)=CC,353,1,0.9,40
CC(C)=CC,353,1,1,45
CC(C)=CC,353,1,1.1,47.1
CC(C)=CC,353,1,1.2,45.5
CC(C)=CC,353,1,1.3,40
CC(C)=CC,353,1,1.4,30
CC(=C)CC(C)(C)C,298,1,0.8,25
CC(=C)CC(C)(C)C,298,1,0.9,32
CC(=C)CC(C)(C)C,298,1,1,35
CC(=C)CC(C)(C)C,298,1,1.1,37
CC(=C)CC(C)(C)C,298,1,1.2,33
CC(=C)CC(C)(C)C,298,1,1.3,28
CC(=C)CC(C)(C)C,298,1,1.4,22.5
CC(=C)CC(C)(C)C,373,1,0.8,39
CC(=C)CC(C)(C)C,373,1,0.9,45
CC(=C)CC(C)(C)C,373,1,1,48
CC(=C)CC(C)(C)C,373,1,1.1,50
CC(=C)CC(C)(C)C,373,1,1.2,47
CC(=C)CC(C)(C)C,373,1,1.3,41
CC(=C)CC(C)(C)C,373,1,1.4,30
CC(=C)CC(C)(C)C,453,1,0.7,44
CC(=C)CC(C)(C)C,453,1,0.8,54
CC(=C)CC(C)(C)C,453,1,0.9,62
CC(=C)CC(C)(C)C,453,1,1,67
CC(=C)CC(C)(C)C,453,1,1.1,67
CC(=C)CC(C)(C)C,453,1,1.2,63
CC(=C)CC(C)(C)C,453,1,1.3,53
CC(=C)CC(C)(C)C,453,1,1.4,42
CC(=C)CC(C)(C)C,373,5,0.7,15
CC(=C)CC(C)(C)C,373,5,0.8,22
CC(=C)CC(C)(C)C,373,5,0.9,27
CC(=C)CC(C)(C)C,373,5,1,31
CC(=C)CC(C)(C)C,373,5,1.1,33
CC(=C)CC(C)(C)C,373,5,1.2,30
CC(=C)CC(C)(C)C,373,3,0.7,20
CC(=C)CC(C)(C)C,373,3,0.8,26
CC(=C)CC(C)(C)C,373,3,0.9,32
CC(=C)CC(C)(C)C,373,3,1,36
CC(=C)CC(C)(C)C,373,3,1.1,37
CC(=C)CC(C)(C)C,373,3,1.2,34
CC(=C)CC(C)(C)C,373,3,1.3,31
CC(=CC(C)(C)C)C  ,298,1,0.8,27
CC(=CC(C)(C)C)C  ,298,1,0.9,30
CC(=CC(C)(C)C)C  ,298,1,1,35
CC(=CC(C)(C)C)C  ,298,1,1.1,36
CC(=CC(C)(C)C)C  ,298,1,1.2,35
CC(=CC(C)(C)C)C  ,298,1,1.3,30
CC(=CC(C)(C)C)C  ,298,1,1.4,25
CC(=CC(C)(C)C)C  ,373,1,0.8,40
CC(=CC(C)(C)C)C  ,373,1,0.9,46
CC(=CC(C)(C)C)C  ,373,1,1,51
CC(=CC(C)(C)C)C  ,373,1,1.1,53
CC(=CC(C)(C)C)C  ,373,1,1.2,50
CC(=CC(C)(C)C)C  ,373,1,1.3,42
CC(=CC(C)(C)C)C  ,373,1,1.4,36
CC(=CC(C)(C)C)C  ,453,1,0.8,55
CC(=CC(C)(C)C)C  ,453,1,0.9,63
CC(=CC(C)(C)C)C  ,453,1,1,69
CC(=CC(C)(C)C)C  ,453,1,1.1,70
CC(=CC(C)(C)C)C  ,453,1,1.2,66
CC(=CC(C)(C)C)C  ,453,1,1.3,63
CC(=CC(C)(C)C)C  ,453,1,1.4,50
C1CC=CC1,450,1,0.7,48
C1CC=CC1,450,1,0.8,60.3
C1CC=CC1,450,1,0.9,71.2
C1CC=CC1,450,1,1,74.4
C1CC=CC1,450,1,1.1,77
C1CC=CC1,450,1,1.2,72.3
C1CC=CC1,450,1,1.3,64.3
C1CC=CC1,450,1,1.4,52.8
C1CC=CC1,450,3,0.7,33.6
C1CC=CC1,450,3,0.8,46.2
C1CC=CC1,450,3,0.9,55.1
C1CC=CC1,450,3,1,58.8
C1CC=CC1,450,3,1.1,58.3
C1CC=CC1,450,3,1.2,54.6
C1CC=CC1,450,3,1.3,49
C1CC=CC1,450,3,1.4,39.5
C1CCC=CC1,360,5,0.78,28.87
C1CCC=CC1,360,5,0.88,36.24
C1CCC=CC1,360,5,0.98,40.65
C1CCC=CC1,360,5,1.07,42.6
C1CCC=CC1,360,5,1.17,41.29
C1CCC=CC1,360,5,1.27,36.77
C1CCC=CC1,360,5,1.36,31.45
C=CC=C,298,1,0.7,25
C=CC=C,298,1,0.8,36
C=CC=C,298,1,0.9,43
C=CC=C,298,1,1,49
C=CC=C,298,1,1.1,52
C=CC=C,298,1,1.2,52.5
C=CC=C,298,1,1.3,50.2
C=CC=C,298,1,1.4,45.6
C=CC=C,298,3,0.7,20.7
C=CC=C,298,3,0.8,28.2
C=CC=C,298,3,0.9,34.9
C=CC=C,298,3,1,40.8
C=CC=C,298,3,1.1,44.5
C=CC=C,298,3,1.2,44.5
C=CC=C,298,3,1.3,42.6
C=CC=C,298,3,1.4,35.2
C=CC=C,298,5,0.7,17.5
C=CC=C,298,5,0.8,25.5
C=CC=C,298,5,0.9,30
C=CC=C,298,5,1,36
C=CC=C,298,5,1.1,40
C=CC=C,298,5,1.2,39
C=CC=C,348,1,0.7,35.8
C=CC=C,348,1,0.8,44.7
C=CC=C,348,1,0.9,53.4
C=CC=C,348,1,1,60
C=CC=C,348,1,1.1,64.4
C=CC=C,348,1,1.2,65
C=CC=C,348,1,1.3,61.8
C=CC=C,348,1,1.4,57.2
C=CC=C,398,1,0.7,44.7
C=CC=C,398,1,0.8,55.7
C=CC=C,398,1,0.9,67.3
C=CC=C,398,1,1,73.4
C=CC=C,398,1,1.1,78.3
C=CC=C,398,1,1.2,78.9
C=CC=C,398,1,1.3,77.4
C=CC=C,398,1,1.4,67.9
C=CC=C,295,1,0.8,35
C=CC=C,295,1,0.9,44
C=CC=C,295,1,1,49.4
C=CC=C,295,1,1.1,52
C=CC=C,295,1,1.2,54
C=CC=C,295,1,1.3,51
C=CC=C,295,1,1.4,45.7
C=CC=C,359,1,0.7,39
C=CC=C,359,1,0.8,51.2
C=CC=C,359,1,1,67
C=CC=C,359,1,1.1,69.8
C=CC=C,359,1,1.2,70.1
C=CC=C,359,1,1.4,59.7
C=CC=C,399,1,0.7,48.2
C=CC=C,399,1,0.8,60
C=CC=C,399,1,0.9,71.6
C=CC=C,399,1,1,78.5
C=CC=C,399,1,1.1,83
C=CC=C,399,1,1.2,84.1
C=CC=C,399,1,1.3,79.8
C=CC=C,399,1,1.4,71.9
C=CC=C,296,5,0.7,18.7
C=CC=C,296,5,0.8,26.6
C=CC=C,296,5,0.9,33
C=CC=C,296,5,1,37.8
C=CC=C,296,5,1.1,40.1
C=CC=C,296,5,1.2,39.96
C=CC=C,296,5,1.3,35
C=CC=C,296,5,1.4,30.2
C=CC=C,358,5,0.7,26.1
C=CC=C,358,5,0.8,35.9
C=CC=C,358,5,0.9,44.3
C=CC=C,358,5,1,49.4
C=CC=C,358,5,1.1,52.4
C=CC=C,358,5,1.2,52.7
C=CC=C,358,5,1.3,47.7
C=CC=C,358,5,1.4,41.8
C=CC=C,398,5,0.7,32.8
C=CC=C,398,5,0.8,45
C=CC=C,398,5,0.9,54.9
C=CC=C,398,5,1,61.1
C=CC=C,398,5,1.1,64.4
C=CC=C,398,5,1.2,63.8
C=CC=C,398,5,1.3,57.7
C=CC=C,398,5,1.4,52.9
C1=CC=CC1,353,1,0.7,31.8
C1=CC=CC1,353,1,0.8,42.3
C1=CC=CC1,353,1,0.9,47.9
C1=CC=CC1,353,1,1,52
C1=CC=CC1,353,1,1.05,52.8
C1=CC=CC1,353,1,1.1,51.1
C1=CC=CC1,353,1,1.2,48.3
C1=CC=CC1,353,1,1.3,40
C1=CC=CC1,353,1,1.4,31.8
C1=CC=CC=C1,423,5,0.7,31
C1=CC=CC=C1,423,5,0.8,41
C1=CC=CC=C1,423,5,0.9,50
C1=CC=CC=C1,423,5,1,54
C1=CC=CC=C1,423,5,1.1,55
C1=CC=CC=C1,423,5,1.2,53
C1=CC=CC=C1,423,5,1.3,46
C1=CC=CC=C1,423,2,0.7,38
C1=CC=CC=C1,423,2,0.8,50
C1=CC=CC=C1,423,2,0.9,58
C1=CC=CC=C1,423,2,1,64
C1=CC=CC=C1,423,2,1.1,65
C1=CC=CC=C1,423,2,1.2,63
C1=CC=CC=C1,423,2,1.3,58
C1=CC=CC=C1,423,2,1.4,50
C1=CC=CC=C1,423,1,0.7,45
C1=CC=CC=C1,423,1,0.8,56
C1=CC=CC=C1,423,1,0.9,65
C1=CC=CC=C1,423,1,1,70
C1=CC=CC=C1,423,1,1.1,73
C1=CC=CC=C1,423,1,1.2,70
C1=CC=CC=C1,423,1,1.3,66
C1=CC=CC=C1,423,1,1.4,55
C1=CC=CC=C1,318,1,0.7,28
C1=CC=CC=C1,318,1,0.8,37
C1=CC=CC=C1,318,1,0.9,44
C1=CC=CC=C1,318,1,1,48
C1=CC=CC=C1,318,1,1.1,49.5
C1=CC=CC=C1,318,1,1.2,47
C1=CC=CC=C1,318,1,1.3,41
C1=CC=CC=C1,318,1,1.4,32
C1=CC=CC=C1,338,1,0.7,30.5
C1=CC=CC=C1,338,1,0.8,41
C1=CC=CC=C1,338,1,0.9,48
C1=CC=CC=C1,338,1,1,53
C1=CC=CC=C1,338,1,1.1,55.5
C1=CC=CC=C1,338,1,1.2,52.5
C1=CC=CC=C1,338,1,1.3,46
C1=CC=CC=C1,338,1,1.4,37
C1=CC=CC=C1,358,1,0.7,35.5
C1=CC=CC=C1,358,1,0.8,46
C1=CC=CC=C1,358,1,0.9,53.5
C1=CC=CC=C1,358,1,1,58
C1=CC=CC=C1,358,1,1.1,60
C1=CC=CC=C1,358,1,1.2,58
C1=CC=CC=C1,358,1,1.3,51.5
C1=CC=CC=C1,358,1,1.4,41
CC1=CC=CC=C1  ,353,1,0.7,29
CC1=CC=CC=C1  ,353,1,0.8,37
CC1=CC=CC=C1  ,353,1,0.9,44
CC1=CC=CC=C1  ,353,1,1,46
CC1=CC=CC=C1  ,353,1,1.1,45
CC1=CC=CC=C1  ,353,1,1.2,43
CC1=CC=CC=C1  ,353,1,1.3,37
CC1=CC=CC=C1  ,353,1,1.4,26
CC1=CC=CC=C1  ,353,2,0.7,23
CC1=CC=CC=C1  ,353,2,0.8,30
CC1=CC=CC=C1  ,353,2,0.9,34
CC1=CC=CC=C1  ,353,2,1,38
CC1=CC=CC=C1  ,353,2,1.1,40
CC1=CC=CC=C1  ,353,2,1.2,36
CC1=CC=CC=C1  ,353,2,1.3,33
CC1=CC=CC=C1  ,353,2,1.4,23
CC1=CC=CC=C1  ,353,5,0.7,16
CC1=CC=CC=C1  ,353,5,0.8,24
CC1=CC=CC=C1  ,353,5,0.9,26
CC1=CC=CC=C1  ,353,5,1,30
CC1=CC=CC=C1  ,353,5,1.1,32
CC1=CC=CC=C1  ,353,5,1.2,29
CC1=CC=CC=C1  ,423,5,0.7,26
CC1=CC=CC=C1  ,423,5,0.8,33
CC1=CC=CC=C1  ,423,5,0.9,39
CC1=CC=CC=C1  ,423,5,1,43
CC1=CC=CC=C1  ,423,5,1.1,44
CC1=CC=CC=C1  ,423,5,1.2,42
CC1=CC=CC=C1  ,423,5,1.3,35
CC1=CC=CC=C1  ,423,2,0.7,33
CC1=CC=CC=C1  ,423,2,0.8,41
CC1=CC=CC=C1  ,423,2,0.9,46
CC1=CC=CC=C1  ,423,2,1,52
CC1=CC=CC=C1  ,423,2,1.1,53
CC1=CC=CC=C1  ,423,2,1.2,51
CC1=CC=CC=C1  ,423,2,1.3,45
CC1=CC=CC=C1  ,423,2,1.4,35
CC1=CC=CC=C1  ,423,1,0.7,36
CC1=CC=CC=C1  ,423,1,0.8,46
CC1=CC=CC=C1  ,423,1,0.9,54
CC1=CC=CC=C1  ,423,1,1,59
CC1=CC=CC=C1  ,423,1,1.1,60
CC1=CC=CC=C1  ,423,1,1.2,58
CC1=CC=CC=C1  ,423,1,1.3,52
CC1=CC=CC=C1  ,423,1,1.4,44
CC1=CC=CC=C1  ,358,1,0.7,28
CC1=CC=CC=C1  ,358,1,0.8,36
CC1=CC=CC=C1  ,358,1,0.9,42
CC1=CC=CC=C1  ,358,1,1,45
CC1=CC=CC=C1  ,358,1,1.1,45.5
CC1=CC=CC=C1  ,358,1,1.2,43
CC1=CC=CC=C1  ,358,1,1.3,37
CC1=CC=CC=C1  ,358,1,1.4,29
CC1=CC=CC=C1  ,398,1,0.7,34.5
CC1=CC=CC=C1  ,398,1,0.8,43
CC1=CC=CC=C1  ,398,1,0.9,50
CC1=CC=CC=C1  ,398,1,1,53
CC1=CC=CC=C1  ,398,1,1.1,55
CC1=CC=CC=C1  ,398,1,1.2,52
CC1=CC=CC=C1  ,398,1,1.3,47
CC1=CC=CC=C1  ,398,1,1.4,38
CC1=CC=CC=C1  ,353,1,0.7,28.1
CC1=CC=CC=C1  ,353,1,0.8,35.73
CC1=CC=CC=C1  ,353,1,0.9,41.71
CC1=CC=CC=C1  ,353,1,1,44.63
CC1=CC=CC=C1  ,353,1,1.05,45.17
CC1=CC=CC=C1  ,353,1,1.1,44.18
CC1=CC=CC=C1  ,353,1,1.2,39.75
CC1=CC=CC=C1  ,353,1,1.3,32.53
CC1=CC=CC=C1  ,353,1,1.4,23.86
CC1=CC=CC=C1C ,353,1,0.8,38
CC1=CC=CC=C1C ,353,1,0.9,41
CC1=CC=CC=C1C ,353,1,1,43
CC1=CC=CC=C1C ,353,1,1.1,44
CC1=CC=CC=C1C ,353,1,1.2,42
CC1=CC=CC=C1C ,353,1,1.3,36
CC1=CC=CC=C1C ,353,1,1.4,26
CC1=CC=CC=C1C ,353,2,0.8,27
CC1=CC=CC=C1C ,353,2,0.9,33
CC1=CC=CC=C1C ,353,2,1,35
CC1=CC=CC=C1C ,353,2,1.1,36
CC1=CC=CC=C1C ,353,2,1.2,34
CC1=CC=CC=C1C ,353,2,1.3,27
CC1=CC=CC=C1C ,353,2,1.4,20
CC1=CC=CC=C1C ,353,1,0.7,25
CC1=CC=CC=C1C ,353,1,0.8,33
CC1=CC=CC=C1C ,353,1,0.9,38
CC1=CC=CC=C1C ,353,1,1,41
CC1=CC=CC=C1C ,353,1,1.05,41.5
CC1=CC=CC=C1C ,353,1,1.1,41
CC1=CC=CC=C1C ,353,1,1.2,37
CC1=CC=CC=C1C ,353,1,1.3,30.5
CC1=CC=CC=C1C ,353,1,1.4,23
CC1=CC(=CC=C1)C,353,1,0.7,24
CC1=CC(=CC=C1)C,353,1,0.7,24
CC1=CC(=CC=C1)C,353,1,0.7,24
CC1=CC(=CC=C1)C,353,1,0.7,24
CC1=CC(=CC=C1)C,353,1,0.7,24
CC1=CC(=CC=C1)C,353,1,0.7,24
CC1=CC(=CC=C1)C,353,1,0.7,24
CC1=CC(=CC=C1)C,353,1,0.7,24
CC1=CC(=CC=C1)C,353,1,0.7,24
CC1=CC=C(C=C1)C ,328,1,0.7,23
CC1=CC=C(C=C1)C ,328,1,0.8,31
CC1=CC=C(C=C1)C ,328,1,0.9,36
CC1=CC=C(C=C1)C ,328,1,1,38.5
CC1=CC=C(C=C1)C ,328,1,1.1,39.5
CC1=CC=C(C=C1)C ,328,1,1.2,36.5
CC1=CC=C(C=C1)C ,328,1,1.3,33
CC1=CC=C(C=C1)C ,328,1,1.4,28
CC1=CC=C(C=C1)C ,353,1,0.7,27
CC1=CC=C(C=C1)C ,353,1,0.8,35
CC1=CC=C(C=C1)C ,353,1,0.9,40.5
CC1=CC=C(C=C1)C ,353,1,1,44
CC1=CC=C(C=C1)C ,353,1,1.1,44.5
CC1=CC=C(C=C1)C ,353,1,1.2,42
CC1=CC=C(C=C1)C ,353,1,1.3,38
CC1=CC=C(C=C1)C ,353,1,0.7,23
CC1=CC=C(C=C1)C ,353,1,0.8,31
CC1=CC=C(C=C1)C ,353,1,0.9,37
CC1=CC=C(C=C1)C ,353,1,1,40
CC1=CC=C(C=C1)C ,353,1,1.05,41
CC1=CC=C(C=C1)C ,353,1,1.1,40.5
CC1=CC=C(C=C1)C ,353,1,1.2,37
CC1=CC=C(C=C1)C ,353,1,1.3,30
CC1=CC=C(C=C1)C ,353,1,1.4,22
CCC1=CC=CC=C1,358,1,0.7,30
CCC1=CC=CC=C1,358,1,0.8,39
CCC1=CC=CC=C1,358,1,0.9,45
CCC1=CC=CC=C1,358,1,1,50
CCC1=CC=CC=C1,358,1,1.1,51
CCC1=CC=CC=C1,358,1,1.2,48
CCC1=CC=CC=C1,358,1,1.3,43
CCC1=CC=CC=C1,358,1,1.4,34
CCC1=CC=CC=C1,398,1,0.7,37
CCC1=CC=CC=C1,398,1,0.8,47
CCC1=CC=CC=C1,398,1,0.9,54
CCC1=CC=CC=C1,398,1,1,59
CCC1=CC=CC=C1,398,1,1.1,60
CCC1=CC=CC=C1,398,1,1.2,57
CCC1=CC=CC=C1,398,1,1.3,50
CCC1=CC=CC=C1,398,1,1.4,42
CCC1=CC=CC=C1,358,1,0.8,35
CCC1=CC=CC=C1,358,1,0.9,42.5
CCC1=CC=CC=C1,358,1,1,47
CCC1=CC=CC=C1,358,1,1.1,48
CCC1=CC=CC=C1,358,1,1.2,47
CCC1=CC=CC=C1,358,1,1.3,43
CCC1=CC=CC=C1,358,1,1.4,33
CCC1=CC=CC=C1,398,1,0.8,44
CCC1=CC=CC=C1,398,1,0.9,51
CCC1=CC=CC=C1,398,1,1,55.5
CCC1=CC=CC=C1,398,1,1.1,56.5
CCC1=CC=CC=C1,398,1,1.2,55
CCC1=CC=CC=C1,398,1,1.3,53
CCC1=CC=CC=C1,398,1,1.4,45
CCC1=CC=CC=C1,450,1,0.8,53
CCC1=CC=CC=C1,450,1,0.9,60.5
CCC1=CC=CC=C1,450,1,1,68
CCC1=CC=CC=C1,450,1,1.1,70
CCC1=CC=CC=C1,450,1,1.2,68
CCC1=CC=CC=C1,450,1,1.3,64
CCC1=CC=CC=C1,450,1,1.4,53
C=CC1=CC=CC=C1 ,398,1,0.8,45
C=CC1=CC=CC=C1 ,398,1,0.9,53
C=CC1=CC=CC=C1 ,398,1,1,60
C=CC1=CC=CC=C1 ,398,1,1.1,64
C=CC1=CC=CC=C1 ,398,1,1.2,63
C=CC1=CC=CC=C1 ,398,1,1.3,56
C=CC1=CC=CC=C1 ,398,1,1.4,49
C=CC1=CC=CC=C1 ,450,1,0.8,58
C=CC1=CC=CC=C1 ,450,1,0.9,66
C=CC1=CC=CC=C1 ,450,1,1,72
C=CC1=CC=CC=C1 ,450,1,1.1,75
C=CC1=CC=CC=C1 ,450,1,1.2,74.5
C=CC1=CC=CC=C1 ,450,1,1.3,71
C=CC1=CC=CC=C1 ,450,1,1.4,67
 CC1=CC(=C(C=C1)C)C  ,353,1,0.7,21
 CC1=CC(=C(C=C1)C)C  ,353,1,0.8,27.5
 CC1=CC(=C(C=C1)C)C  ,353,1,0.9,33.6
 CC1=CC(=C(C=C1)C)C  ,353,1,1,37.3
 CC1=CC(=C(C=C1)C)C  ,353,1,1.05,37.9
 CC1=CC(=C(C=C1)C)C  ,353,1,1.1,37.1
 CC1=CC(=C(C=C1)C)C  ,353,1,1.2,34.7
 CC1=CC(=C(C=C1)C)C  ,353,1,1.3,27.7
 CC1=CC(=C(C=C1)C)C  ,353,1,1.4,19.8
CCCC1=CC=CC=C1,358,1,0.7,30
CCCC1=CC=CC=C1,358,1,0.8,38
CCCC1=CC=CC=C1,358,1,0.9,45
CCCC1=CC=CC=C1,358,1,1,49
CCCC1=CC=CC=C1,358,1,1.1,50
CCCC1=CC=CC=C1,358,1,1.2,48
CCCC1=CC=CC=C1,398,1,0.7,35
CCCC1=CC=CC=C1,398,1,0.8,45
CCCC1=CC=CC=C1,398,1,0.9,52
CCCC1=CC=CC=C1,398,1,1,57
CCCC1=CC=CC=C1,398,1,1.1,58
CCCC1=CC=CC=C1,398,1,1.2,55
CCCC1=CC=CC=C1,398,1,1.3,49
CC1=CC(=CC(=C1)C)C  ,400,1,0.7,32
CC1=CC(=CC(=C1)C)C  ,400,1,0.8,39
CC1=CC(=CC(=C1)C)C  ,400,1,0.9,44
CC1=CC(=CC(=C1)C)C  ,400,1,1,47
CC1=CC(=CC(=C1)C)C  ,400,1,1.1,50.5
CC1=CC(=CC(=C1)C)C  ,400,1,1.17,50
CC1=CC(=CC(=C1)C)C  ,400,1,1.3,40
CC1=CC(=CC(=C1)C)C  ,400,1,1.4,34
CC1=CC(=CC(=C1)C)C  ,470,1,0.7,39
CC1=CC(=CC(=C1)C)C  ,470,1,0.8,51
CC1=CC(=CC(=C1)C)C  ,470,1,0.9,58
CC1=CC(=CC(=C1)C)C  ,470,1,1,60
CC1=CC(=CC(=C1)C)C  ,470,1,1.1,60.5
CC1=CC(=CC(=C1)C)C  ,470,1,1.2,59
CC1=CC(=CC(=C1)C)C  ,470,1,1.3,50
CC1=CC(=CC(=C1)C)C  ,470,1,1.4,39
CC1=CC(=CC(=C1)C)C  ,353,1,0.7,21.5
CC1=CC(=CC(=C1)C)C  ,353,1,0.8,28
CC1=CC(=CC(=C1)C)C  ,353,1,0.9,34.3
CC1=CC(=CC(=C1)C)C  ,353,1,1,37.4
CC1=CC(=CC(=C1)C)C  ,353,1,1.05,38.8
CC1=CC(=CC(=C1)C)C  ,353,1,1.1,37.4
CC1=CC(=CC(=C1)C)C  ,353,1,1.2,34.7
CC1=CC(=CC(=C1)C)C  ,353,1,1.3,28.5
CC1=CC(=CC(=C1)C)C  ,353,1,1.4,20.2
CCCCC1=CC=CC=C1  ,358,1,0.7,30
CCCCC1=CC=CC=C1  ,358,1,0.8,38
CCCCC1=CC=CC=C1  ,358,1,0.9,46
CCCCC1=CC=CC=C1  ,358,1,1,49
CCCCC1=CC=CC=C1  ,358,1,1.1,48
CCCCC1=CC=CC=C1  ,398,1,0.7,37
CCCCC1=CC=CC=C1  ,398,1,0.8,47
CCCCC1=CC=CC=C1  ,398,1,0.9,55
CCCCC1=CC=CC=C1  ,398,1,1,58
CCCCC1=CC=CC=C1  ,398,1,1.1,58
CCCCC1=CC=CC=C1  ,398,1,1.2,57
CCCCC1=CC=CC=C1  ,423,1,0.7,41.68
CCCCC1=CC=CC=C1  ,423,1,0.8,54.63
CCCCC1=CC=CC=C1  ,423,1,0.9,62.9
CCCCC1=CC=CC=C1  ,423,1,1,65.64
CCCCC1=CC=CC=C1  ,423,1,1.1,67.31
CCCCC1=CC=CC=C1  ,423,1,1.2,64.31
CCCCC1=CC=CC=C1  ,423,1,1.3,57.9
CCCCC1=CC=CC=C1  ,423,1,1.4,48.09
CCCCC1=CC=CC=C1  ,423,2,0.7,34.87
CCCCC1=CC=CC=C1  ,423,2,0.8,45.62
CCCCC1=CC=CC=C1  ,423,2,0.9,52.54
CCCCC1=CC=CC=C1  ,423,2,1,56.77
CCCCC1=CC=CC=C1  ,423,2,1.1,60.43
CCCCC1=CC=CC=C1  ,423,2,1.2,57.71
CCCCC1=CC=CC=C1  ,423,2,1.3,49.32
CCCCC1=CC=CC=C1  ,423,2,1.4,40.35
CCCCC1=CC=CC=C1  ,423,5,0.7,24.68
CCCCC1=CC=CC=C1  ,423,5,0.8,36.65
CCCCC1=CC=CC=C1  ,423,5,0.9,43.83
CCCCC1=CC=CC=C1  ,423,5,1,47.75
CCCCC1=CC=CC=C1  ,423,5,1.1,49.7
CC(C)CC1=CC=CC=C1,423,1,0.7,41.48
CC(C)CC1=CC=CC=C1,423,1,0.8,52.25
CC(C)CC1=CC=CC=C1,423,1,0.9,59.91
CC(C)CC1=CC=CC=C1,423,1,1,64.74
CC(C)CC1=CC=CC=C1,423,1,1.1,66.74
CC(C)CC1=CC=CC=C1,423,1,1.2,63.78
CC(C)CC1=CC=CC=C1,423,1,1.3,56.73
CC(C)CC1=CC=CC=C1,423,1,1.4,47.26
CC(C)CC1=CC=CC=C1,423,2,0.7,35.22
CC(C)CC1=CC=CC=C1,423,2,0.8,45.07
CC(C)CC1=CC=CC=C1,423,2,0.9,51.64
CC(C)CC1=CC=CC=C1,423,2,1,56.51
CC(C)CC1=CC=CC=C1,423,2,1.1,59.66
CC(C)CC1=CC=CC=C1,423,2,1.2,56.69
CC(C)CC1=CC=CC=C1,423,2,1.3,49.29
CC(C)CC1=CC=CC=C1,423,2,1.4,41.33
CC(C)CC1=CC=CC=C1,423,5,0.7,25.55
CC(C)CC1=CC=CC=C1,423,5,0.8,34.08
CC(C)CC1=CC=CC=C1,423,5,0.9,40.62
CC(C)CC1=CC=CC=C1,423,5,1,46.17
CC(C)CC1=CC=CC=C1,423,5,1.1,48.03
CCC(C)C1=CC=CC=C1,423,1,0.7,43
CCC(C)C1=CC=CC=C1,423,1,0.8,55
CCC(C)C1=CC=CC=C1,423,1,0.9,63
CCC(C)C1=CC=CC=C1,423,1,1,67
CCC(C)C1=CC=CC=C1,423,1,1.1,69
CCC(C)C1=CC=CC=C1,423,1,1.2,66
CCC(C)C1=CC=CC=C1,423,1,1.3,59
CCC(C)C1=CC=CC=C1,423,1,1.4,48
CCC(C)C1=CC=CC=C1,423,2,0.7,35
CCC(C)C1=CC=CC=C1,423,2,0.8,46
CCC(C)C1=CC=CC=C1,423,2,0.9,54
CCC(C)C1=CC=CC=C1,423,2,1,60
CCC(C)C1=CC=CC=C1,423,2,1.1,62
CCC(C)C1=CC=CC=C1,423,2,1.2,58
CCC(C)C1=CC=CC=C1,423,2,1.3,53
CCC(C)C1=CC=CC=C1,423,2,1.4,44
CCC(C)C1=CC=CC=C1,423,5,0.7,26
CCC(C)C1=CC=CC=C1,423,5,0.8,37
CCC(C)C1=CC=CC=C1,423,5,0.9,45
CCC(C)C1=CC=CC=C1,423,5,1,48
CCC(C)C1=CC=CC=C1,423,5,1.1,50
CC(C)(C)C1=CC=CC=C1,423,1,0.7,42.83
CC(C)(C)C1=CC=CC=C1,423,1,0.8,54.12
CC(C)(C)C1=CC=CC=C1,423,1,0.9,62.16
CC(C)(C)C1=CC=CC=C1,423,1,1,65.84
CC(C)(C)C1=CC=CC=C1,423,1,1.1,66.99
CC(C)(C)C1=CC=CC=C1,423,1,1.2,64.33
CC(C)(C)C1=CC=CC=C1,423,1,1.3,58.57
CC(C)(C)C1=CC=CC=C1,423,1,1.4,48.17
CC(C)(C)C1=CC=CC=C1,423,2,0.7,35.19
CC(C)(C)C1=CC=CC=C1,423,2,0.8,45.57
CC(C)(C)C1=CC=CC=C1,423,2,0.9,53.53
CC(C)(C)C1=CC=CC=C1,423,2,1,57.94
CC(C)(C)C1=CC=CC=C1,423,2,1.1,60.23
CC(C)(C)C1=CC=CC=C1,423,2,1.2,58.69
CC(C)(C)C1=CC=CC=C1,423,2,1.3,50.9
CC(C)(C)C1=CC=CC=C1,423,2,1.4,41.56
CC(C)(C)C1=CC=CC=C1,423,5,0.7,25.85
CC(C)(C)C1=CC=CC=C1,423,5,0.8,36.46
CC(C)(C)C1=CC=CC=C1,423,5,0.9,43.39
CC(C)(C)C1=CC=CC=C1,423,5,1,47.36
CC(C)(C)C1=CC=CC=C1,423,5,1.1,49.78
CO,298,1,0.7,20.5
CO,298,1,0.8,29.2
CO,298,1,0.9,37.1
CO,298,1,1,43.2
CO,298,1,1.1,46.3
CO,308,1,0.7,22
CO,308,1,0.8,31
CO,308,1,0.9,39.3
CO,308,1,1,45.6
CO,308,1,1.1,50.1
CO,318,1,0.7,22.8
CO,318,1,0.8,32.2
CO,318,1,0.9,40.7
CO,318,1,1,47.4
CO,328,1,0.7,25.3
CO,328,1,0.8,34.4
CO,328,1,0.9,43.4
CO,328,1,1,50.2
CO,338,1,0.7,25.5
CO,338,1,0.8,36.5
CO,338,1,0.9,46.5
CO,338,1,1,53.5
CO,343,1,0.7,26
CO,343,1,0.8,36.4
CO,343,1,0.9,45.8
CO,343,1,1,53.4
CO,348,1,0.7,27.5
CO,348,1,0.8,37.3
CO,348,1,0.9,46.9
CO,348,1,1,54
CO,358,1,0.7,29.4
CO,358,1,0.8,40.7
CO,358,1,0.9,50.5
CO,358,1,1,57.8
CO,393,1,0.7,32.2
CO,393,1,0.8,43.4
CO,393,1,0.9,52.7
CO,393,1,1,60.3
CO,393,1,1.1,65.2
CO,393,1,1.2,67.2
CO,393,1,1.3,65.9
CO,393,1,1.4,59
CO,423,1,0.7,35.8
CO,423,1,0.8,49.3
CO,423,1,0.9,58.8
CO,423,1,1,65.9
CO,423,1,1.1,70.5
CO,423,1,1.15,73
CO,423,1,1.2,72.3
CO,423,1,1.3,69.8
CO,423,1,1.4,63.8
CO,423,2,0.7,29.1
CO,423,2,0.8,41.2
CO,423,2,0.9,52.1
CO,423,2,1,58.3
CO,423,2,1.1,64.5
CO,423,2,1.15,65
CO,423,2,1.2,65.5
CO,423,2,1.3,61.8
CO,423,2,1.4,55.4
CO,423,5,0.7,22.9
CO,423,5,0.8,33.4
CO,423,5,0.9,42.6
CO,423,5,1,47.1
CO,423,5,1.1,51.6
CO,423,5,1.15,52.1
CO,423,5,1.2,51.6
CO,423,5,1.3,49.3
CO,423,5,1.4,43.5
CO,300,1,0.7,16.7
CO,300,1,0.8,27.1
CO,300,1,0.9,34.5
CO,300,1,1,41.8
CO,300,1,1.1,47.4
CO,300,1,1.2,45.3
CO,300,1,1.3,38.3
CCO,393,1,0.7,42
CCO,393,1,0.8,54.3
CCO,393,1,0.9,60.8
CCO,393,1,1,64
CCO,393,1,1.1,63.7
CCO,393,1,1.2,58.6
CCO,393,1,1.3,49.6
CCO,393,1,1.4,44
CCO,358,1,0.7,27.78
CCO,358,1,0.8,37.71
CCO,358,1,0.9,43.76
CCO,358,1,1,51.75
CCO,358,1,1.1,56.65
CCO,358,1,1.2,55.1
CCO,358,1,1.3,49.82
CCO,358,1,1.4,42.99
CCO,358,2,0.7,21.05
CCO,358,2,0.8,26.97
CCO,358,2,0.9,33.52
CCO,358,2,1,37.38
CCO,358,2,1.1,42.26
CCO,358,2,1.2,42.9
CCO,358,2,1.3,40.33
CCO,358,2,1.4,34.68
CCO,358,5,0.7,14.93
CCO,358,5,0.8,22.04
CCO,358,5,0.9,28.21
CCO,358,5,1,31.04
CCO,358,5,1.1,34.04
CCO,358,5,1.2,34.12
CCO,358,5,1.3,32.07
CCO,358,5,1.4,25.98
CCO,298,1,0.7,21.8
CCO,298,1,0.8,30.5
CCO,298,1,0.9,38.6
CCO,298,1,1,41
CCO,298,1,1.1,41.8
CCO,298,1,1.2,40.6
CCO,358,1,0.7,30
CCO,358,1,0.8,38.8
CCO,358,1,0.9,48.4
CCO,358,1,1,54.3
CCO,358,1,1.1,56.4
CCO,358,1,1.2,55.2
CCO,358,1,1.3,50.4
CCO,358,1,1.4,39.5
CCO,398,1,0.7,36.5
CCO,398,1,0.8,46.9
CCO,398,1,0.9,57
CCO,398,1,1,65.1
CCO,398,1,1.1,67.9
CCO,398,1,1.2,66.2
CCO,398,1,1.3,60.6
CCO,398,1,1.4,53.1
CCO,300,1,0.7,20
CCO,300,1,0.8,30
CCO,300,1,0.9,37.5
CCO,300,1,1,43.1
CCO,300,1,1.1,45.7
CCO,300,1,1.2,44.4
CCO,300,1,1.3,39
CCO,300,1,1.4,30
CCO,450,2,0.7,38.8
CCO,450,2,0.8,54
CCO,450,2,0.9,65.8
CCO,450,2,1,72.9
CCO,450,2,1.1,77.3
CCO,450,2,1.2,75.4
CCO,450,2,1.3,67.3
CCO,450,2,1.4,55.2
CCCO,343,1,0.75,35.11
CCCO,343,1,0.8,38.54
CCCO,343,1,0.9,43.96
CCCO,343,1,1,47.94
CCCO,343,1,1.05,49.44
CCCO,343,1,1.1,50.88
CCCO,343,1,1.15,49.92
CCCO,343,1,1.2,44.92
CCCO,343,1,1.3,35.45
CCCO,343,1,1.4,26.4
CCCO,323,1,0.7,25.2
CCCO,323,1,0.8,34
CCCO,323,1,0.9,41.5
CCCO,323,1,1,45.8
CCCO,323,1,1.1,46.7
CCCO,323,1,1.15,46.5
CCCO,323,1,1.2,45
CCCO,323,1,1.3,38.8
CCCO,323,1,1.4,30
CCCO,343,1,0.7,28.4
CCCO,343,1,0.8,37.9
CCCO,343,1,0.9,44.2
CCCO,343,1,1,48.9
CCCO,343,1,1.1,50.3
CCCO,343,1,1.15,51.1
CCCO,343,1,1.2,48.7
CCCO,343,1,1.3,42.1
CCCO,343,1,1.4,32.9
CCCO,393,1,0.7,37.9
CCCO,393,1,0.8,49.2
CCCO,393,1,0.9,58
CCCO,393,1,1,63.3
CCCO,393,1,1.1,64.5
CCCO,393,1,1.15,64.5
CCCO,393,1,1.2,61.6
CCCO,393,1,1.3,54.2
CCCO,393,1,1.4,44.4
CC(C)O  ,343,1,0.75,31.65
CC(C)O  ,343,1,0.8,35.56
CC(C)O  ,343,1,0.9,41.47
CC(C)O  ,343,1,1,44.7
CC(C)O  ,343,1,1.05,45.73
CC(C)O  ,343,1,1.1,46.14
CC(C)O  ,343,1,1.15,44.42
CC(C)O  ,343,1,1.2,41.4
CC(C)O  ,343,1,1.3,32.54
CC(C)O  ,343,1,1.4,22.79
CC(C)O  ,323,1,0.7,23.1
CC(C)O  ,323,1,0.8,31.9
CC(C)O  ,323,1,0.9,38.5
CC(C)O  ,323,1,1,41.9
CC(C)O  ,323,1,1.1,42.7
CC(C)O  ,323,1,1.15,42.3
CC(C)O  ,323,1,1.2,39.2
CC(C)O  ,323,1,1.3,31.9
CC(C)O  ,323,1,1.4,22.7
CC(C)O  ,343,1,0.7,25
CC(C)O  ,343,1,0.8,34.5
CC(C)O  ,343,1,0.9,40.8
CC(C)O  ,343,1,1,45.5
CC(C)O  ,343,1,1.1,46.3
CC(C)O  ,343,1,1.15,46.1
CC(C)O  ,343,1,1.2,41.3
CC(C)O  ,343,1,1.3,35.5
CC(C)O  ,343,1,1.4,26.1
CC(C)O  ,393,1,0.7,33.6
CC(C)O  ,393,1,0.8,44.1
CC(C)O  ,393,1,0.9,52.5
CC(C)O  ,393,1,1,56.8
CC(C)O  ,393,1,1.1,58.3
CC(C)O  ,393,1,1.15,58.3
CC(C)O  ,393,1,1.2,53.7
CC(C)O  ,393,1,1.3,46.5
CC(C)O  ,393,1,1.4,35.3
CC(C)CO,428,1,0.7,43
CC(C)CO,428,1,0.8,46.4
CC(C)CO,428,1,0.9,51.2
CC(C)CO,428,1,1,53.8
CC(C)CO,428,1,1.1,56.9
CC(C)CO,428,1,1.2,54.3
CC(C)CO,428,1,1.3,47.9
CC(C)CO,428,1,1.4,40.8
CC(C)CO,353,1,0.7,24.6
CC(C)CO,353,1,0.78,33.5
CC(C)CO,353,1,0.8,34.6
CC(C)CO,353,1,0.87,39.1
CC(C)CO,353,1,0.9,40.5
CC(C)CO,353,1,0.97,42.3
CC(C)CO,353,1,1,44.5
CC(C)CO,353,1,1.05,46
CC(C)CO,353,1,1.1,46.6
CC(C)CO,353,1,1.18,45.8
CC(C)CO,353,1,1.2,44.2
CC(C)CO,353,1,1.3,38.9
CC(C)CO,353,1,1.34,35.7
CC(C)CO,353,1,1.4,32.1
CC(C)CO,353,2,0.7,21.1
CC(C)CO,353,2,0.8,29.3
CC(C)CO,353,2,0.86,32.1
CC(C)CO,353,2,0.9,35.6
CC(C)CO,353,2,0.99,37.8
CC(C)CO,353,2,1,38.6
CC(C)CO,353,2,1.1,39.3
CC(C)CO,353,2,1.18,37.8
CC(C)CO,353,2,1.2,36.8
CC(C)CO,353,2,1.27,34.2
CC(C)CO,353,2,1.29,32.6
CC(C)CO,353,2,1.38,24.9
CC(C)CO,373,5,0.8,28.4
CC(C)CO,373,5,0.9,33.8
CC(C)CO,373,5,1,39.4
CC(C)CO,373,5,1.1,41.4
CC(C)CO,373,5,1.2,38.7
CC(C)CO,373,5,1.3,31.8
CC(C)CO,373,5,1.4,23.2
CC(C)CO,343,1,0.75,27
CC(C)CO,343,1,0.8,31.9
CC(C)CO,343,1,0.9,42.8
CC(C)CO,343,1,1,45.9
CC(C)CO,343,1,1.05,46.3
CC(C)CO,343,1,1.1,47.2
CC(C)CO,343,1,1.15,44.4
CC(C)CO,343,1,1.2,42.6
CC(C)CO,343,1,1.3,36.6
CC(C)CO,343,1,1.4,26.8
CC(C)(C)O  ,428,1,0.8,44.7
CC(C)(C)O  ,428,1,0.9,47.7
CC(C)(C)O  ,428,1,1,49.1
CC(C)(C)O  ,428,1,1.1,49.9
CC(C)(C)O  ,428,1,1.2,46.8
CC(C)(C)O  ,428,1,1.3,40.6
CC(C)(C)O  ,428,1,1.4,32.4
CC(C)(C)O  ,428,2.5,0.8,37
CC(C)(C)O  ,428,2.5,0.9,42.7
CC(C)(C)O  ,428,2.5,1,45.9
CC(C)(C)O  ,428,2.5,1.1,46.5
CC(C)(C)O  ,428,2.5,1.2,44.5
CC(C)(C)O  ,428,2.5,1.3,39.2
CC(C)(C)O  ,428,2.5,1.4,30.5
CC(C)(C)O  ,428,5,0.9,35
CC(C)(C)O  ,428,5,1,39.2
CC(C)(C)O  ,428,5,1.1,41.5
CC(C)(C)O  ,428,5,1.2,38.3
CC(C)(C)O  ,428,5,1.3,34.7
CC(C)(C)O  ,423,1,0.7,28
CC(C)(C)O  ,423,1,0.8,39.1
CC(C)(C)O  ,423,1,0.9,47.4
CC(C)(C)O  ,423,1,1,53.5
CC(C)(C)O  ,423,1,1.1,55.5
CC(C)(C)O  ,423,1,1.2,52.9
CC(C)(C)O  ,423,1,1.3,48.8
CC(C)(C)O  ,423,1,1.4,40.7
CC(C)(C)O  ,423,2,0.7,23.1
CC(C)(C)O  ,423,2,0.8,32.8
CC(C)(C)O  ,423,2,0.9,41.1
CC(C)(C)O  ,423,2,1,45.4
CC(C)(C)O  ,423,2,1.1,47.2
CC(C)(C)O  ,423,2,1.2,44.8
CC(C)(C)O  ,423,2,1.3,39.5
CC(C)(C)O  ,423,2,1.4,32.6
CC(C)(C)O  ,423,5,0.7,17.2
CC(C)(C)O  ,423,5,0.8,24.7
CC(C)(C)O  ,423,5,0.9,32.2
CC(C)(C)O  ,423,5,1,35.5
CC(C)(C)O  ,423,5,1.1,36.5
CC(C)(C)O  ,423,5,1.2,34.1
CC(C)(C)O  ,423,5,1.3,29.6
CC(C)(C)O  ,353,1,0.76,24.7
CC(C)(C)O  ,353,1,0.79,27.3
CC(C)(C)O  ,353,1,0.89,34.7
CC(C)(C)O  ,353,1,0.96,37.6
CC(C)(C)O  ,353,1,1.07,40.2
CC(C)(C)O  ,353,1,1.13,39.9
CC(C)(C)O  ,353,1,1.17,38.8
CC(C)(C)O  ,353,1,1.22,37.1
CC(C)(C)O  ,353,1,1.33,30.6
CC(C)(C)O  ,353,1,1.4,24.8
CC(C)(C)O  ,353,2,0.79,22
CC(C)(C)O  ,353,2,0.86,27.6
CC(C)(C)O  ,353,2,0.94,31
CC(C)(C)O  ,353,2,1,33.1
CC(C)(C)O  ,353,2,1.09,33.7
CC(C)(C)O  ,353,2,1.21,31.3
CC(C)(C)O  ,353,2,1.28,26.8
CC(C)(C)O  ,353,2,1.42,18.2
CC(C)(C)O  ,373,5,0.88,29.1
CC(C)(C)O  ,373,5,0.9,30.3
CC(C)(C)O  ,373,5,1,33.5
CC(C)(C)O  ,373,5,1.1,34
CC(C)(C)O  ,373,5,1.2,30.2
CC(C)(C)O  ,373,5,1.3,23.9
CC(C)(C)O  ,373,5,1.4,17.6
CC(C)(C)O  ,343,1,0.75,21.6
CC(C)(C)O  ,343,1,0.8,25
CC(C)(C)O  ,343,1,0.9,31.8
CC(C)(C)O  ,343,1,1,36.1
CC(C)(C)O  ,343,1,1.05,38.1
CC(C)(C)O  ,343,1,1.1,39
CC(C)(C)O  ,343,1,1.15,37.3
CC(C)(C)O  ,343,1,1.2,35.3
CC(C)(C)O  ,343,1,1.3,29.6
CC(C)(C)O  ,343,1,1.4,19.5
CCCCO,393,1,0.7,35
CCCCO,393,1,0.8,37
CCCCO,393,1,0.9,50
CCCCO,393,1,1,55
CCCCO,393,1,1.1,59
CCCCO,393,1,1.2,60
CCCCO,393,1,1.3,55
CCCCO,393,1,1.4,47
CCCCO,343,1,0.7,29.03
CCCCO,343,1,0.8,37.6
CCCCO,343,1,0.85,42.78
CCCCO,343,1,0.9,45.36
CCCCO,343,1,1,49.74
CCCCO,343,1,1.1,50.02
CCCCO,343,1,1.2,46.1
CCCCO,343,1,1.25,44.5
CCCCO,343,1,1.3,40.39
CCCCO,343,1,1.4,28.49
CCCCO,400,5,0.8,25.4
CCCCO,400,5,0.9,32.7
CCCCO,400,5,1.1,42
CCCCO,400,5,1.2,36.3
CCCCO,400,5,1.4,28.9
CCCCO,450,5,0.8,29.9
CCCCO,450,5,0.9,40.6
CCCCO,450,5,1,46.2
CCCCO,450,5,1.1,51.4
CCCCO,450,5,1.2,49.8
CCCCO,353,1,0.7,27.9
CCCCO,353,1,0.8,36.8
CCCCO,353,1,0.9,43.2
CCCCO,353,1,0.92,44.8
CCCCO,353,1,1,47.4
CCCCO,353,1,1.1,49.8
CCCCO,353,1,1.2,47.7
CCCCO,353,1,1.3,42.6
CCCCO,353,1,1.4,33.7
CCCCO,353,2,0.7,23
CCCCO,353,2,0.8,31.2
CCCCO,353,2,0.85,35
CCCCO,353,2,0.9,37.2
CCCCO,353,2,1,42.1
CCCCO,353,2,1.03,43.4
CCCCO,353,2,1.1,42.9
CCCCO,353,2,1.2,40.6
CCCCO,353,2,1.3,37
CCCCO,373,5,0.8,30.8
CCCCO,373,5,0.85,35.6
CCCCO,373,5,0.9,38.9
CCCCO,373,5,0.95,42.3
CCCCO,373,5,1,44.4
CCCCO,373,5,1.05,45.6
CCCCO,373,5,1.1,46.6
CCCCO,373,5,1.18,44.4
CCC(C)O  ,353,1,0.74,28.3
CCC(C)O  ,353,1,0.82,36.6
CCC(C)O  ,353,1,0.9,41.5
CCC(C)O  ,353,1,1,44.3
CCC(C)O  ,353,1,1.03,45.8
CCC(C)O  ,353,1,1.11,47.1
CCC(C)O  ,353,1,1.2,45.7
CCC(C)O  ,353,1,1.31,40.9
CCC(C)O  ,353,1,1.33,38.5
CCC(C)O  ,353,1,1.4,33
CCC(C)O  ,353,2,0.7,20.4
CCC(C)O  ,353,2,0.79,28.4
CCC(C)O  ,353,2,0.9,35.5
CCC(C)O  ,353,2,0.98,38.7
CCC(C)O  ,353,2,1.1,39.3
CCC(C)O  ,353,2,1.23,37.9
CCC(C)O  ,353,2,1.31,32.3
CCC(C)O  ,353,2,1.38,27.8
CCC(C)O  ,373,5,0.8,29.5
CCC(C)O  ,373,5,0.92,36.5
CCC(C)O  ,373,5,1,40.6
CCC(C)O  ,373,5,1.1,42.1
CCC(C)O  ,373,5,1.2,40.2
CCC(C)O  ,373,5,1.3,31.8
CCC(C)O  ,373,5,1.4,23.3
CCC(C)O  ,343,1,0.75,30
CCC(C)O  ,343,1,0.8,33.6
CCC(C)O  ,343,1,0.9,43.9
CCC(C)O  ,343,1,1,47.5
CCC(C)O  ,343,1,1.05,48
CCC(C)O  ,343,1,1.1,48.6
CCC(C)O  ,343,1,1.15,45.7
CCC(C)O  ,343,1,1.2,43.6
CCC(C)O  ,343,1,1.3,37.6
CCC(C)O  ,343,1,1.4,27.7
CCC(C)CO,393,1,0.7,36
CCC(C)CO,393,1,0.8,47.3
CCC(C)CO,393,1,0.9,53.7
CCC(C)CO,393,1,1,56.3
CCC(C)CO,393,1,1.1,56.5
CCC(C)CO,393,1,1.2,52.1
CCC(C)CO,393,1,1.3,44.6
CCC(C)CO,393,1,1.4,31.5
CCC(C)CO,433,1,0.7,43.7
CCC(C)CO,433,1,0.8,55.7
CCC(C)CO,433,1,0.9,61.3
CCC(C)CO,433,1,1,65.1
CCC(C)CO,433,1,1.1,65.6
CCC(C)CO,433,1,1.2,61.3
CCC(C)CO,433,1,1.3,51.9
CCC(C)CO,433,1,1.4,38.3
CCC(C)CO,473,1,0.7,51.7
CCC(C)CO,473,1,0.8,64.2
CCC(C)CO,473,1,0.9,72.6
CCC(C)CO,473,1,1,76.6
CCC(C)CO,473,1,1.1,77.1
CCC(C)CO,473,1,1.2,69.8
CCC(C)CO,473,1,1.3,61.1
CCC(C)CO,473,1,1.4,45.4
CCC(C)CO,433,2.5,0.7,33.7
CCC(C)CO,433,2.5,0.8,42.9
CCC(C)CO,433,2.5,0.9,49
CCC(C)CO,433,2.5,1,51.6
CCC(C)CO,433,2.5,1.1,51.6
CCC(C)CO,433,2.5,1.2,48.4
CCC(C)CO,433,2.5,1.3,39.8
CCC(C)CO,433,2.5,1.4,29.7
CCC(C)CO,433,5,0.7,24.5
CCC(C)CO,433,5,0.8,33.8
CCC(C)CO,433,5,0.9,39.6
CCC(C)CO,433,5,1,44.2
CCC(C)CO,433,5,1.1,43.5
CCC(C)CO,433,5,1.2,39.6
CCC(C)CO,433,5,1.3,34.4
CCC(C)CO,358,1,0.7,29.3
CCC(C)CO,358,1,0.8,37.6
CCC(C)CO,358,1,0.9,44.6
CCC(C)CO,358,1,1,49.2
CCC(C)CO,358,1,1.1,50.4
CCC(C)CO,358,1,1.2,48.2
CCC(C)CO,358,1,1.3,42.2
CCC(C)CO,358,1,1.4,34.3
CC(C)CCO,353,1,0.75,34.7
CC(C)CCO,353,1,0.8,37.4
CC(C)CCO,353,1,0.9,43.7
CC(C)CCO,353,1,1,48.4
CC(C)CCO,353,1,1.05,49.1
CC(C)CCO,353,1,1.1,48.4
CC(C)CCO,353,1,1.2,43.8
CC(C)CCO,353,1,1.3,37.1
CC(C)CCO,353,1,1.4,26.2
CC(C)CCO,393,1,0.7,36.7
CC(C)CCO,393,1,0.8,43.5
CC(C)CCO,393,1,0.9,50
CC(C)CCO,393,1,1,54.7
CC(C)CCO,393,1,1.1,55
CC(C)CCO,393,1,1.2,50.5
CC(C)CCO,393,1,1.3,42.5
CC(C)CCO,393,1,1.4,37
CC(C)CCO,473,1,0.7,51.3
CC(C)CCO,473,1,0.8,60
CC(C)CCO,473,1,0.9,71.5
CC(C)CCO,473,1,1,73.8
CC(C)CCO,473,1,1.1,73.5
CC(C)CCO,473,1,1.2,67.3
CC(C)CCO,473,1,1.3,57.2
CC(C)CCO,473,1,1.4,44.6
CC(C)CCO,433,1,0.7,41
CC(C)CCO,433,1,0.8,53.6
CC(C)CCO,433,1,0.9,59.5
CC(C)CCO,433,1,1,63.7
CC(C)CCO,433,1,1.1,63.7
CC(C)CCO,433,1,1.2,59.5
CC(C)CCO,433,1,1.3,51
CC(C)CCO,433,1,1.4,40.1
CC(C)CCO,433,2.5,0.7,33
CC(C)CCO,433,2.5,0.8,40.9
CC(C)CCO,433,2.5,0.9,48.9
CC(C)CCO,433,2.5,1,50.3
CC(C)CCO,433,2.5,1.1,51.5
CC(C)CCO,433,2.5,1.2,46.3
CC(C)CCO,433,2.5,1.3,40.6
CC(C)CCO,433,2.5,1.4,32.2
CC(C)CCO,433,5,0.7,24.3
CC(C)CCO,433,5,0.8,32.1
CC(C)CCO,433,5,0.9,38.9
CC(C)CCO,433,5,1,42.6
CC(C)CCO,433,5,1.1,42.3
CC(C)CCO,433,5,1.2,39.5
CC(C)CCO,433,5,1.3,34.8
CC(C)CCO,433,5,1.4,26.1
CC(C)CCO,358,1,0.7,28
CC(C)CCO,358,1,0.8,37.2
CC(C)CCO,358,1,0.9,44
CC(C)CCO,358,1,1,48.4
CC(C)CCO,358,1,1.1,49.9
CC(C)CCO,358,1,1.2,47.3
CC(C)CCO,358,1,1.3,42.1
CC(C)CCO,358,1,1.4,33.8
CCC(C)(C)O  ,433,1,0.7,40.9
CCC(C)(C)O  ,433,1,0.8,50.3
CCC(C)(C)O  ,433,1,0.9,58.9
CCC(C)(C)O  ,433,1,1,61.2
CCC(C)(C)O  ,433,1,1.1,59.9
CCC(C)(C)O  ,433,1,1.2,55.7
CCC(C)(C)O  ,433,1,1.3,45.3
CCC(C)(C)O  ,433,1,1.4,35.4
CCC(C)(C)O  ,433,2.5,0.7,31.2
CCC(C)(C)O  ,433,2.5,0.8,39
CCC(C)(C)O  ,433,2.5,0.9,45.7
CCC(C)(C)O  ,433,2.5,1,47.8
CCC(C)(C)O  ,433,2.5,1.1,48.5
CCC(C)(C)O  ,433,2.5,1.2,41.3
CCC(C)(C)O  ,433,2.5,1.3,35.4
CCC(C)(C)O  ,433,2.5,1.4,26.6
CCC(C)(C)O  ,433,5,0.7,23.3
CCC(C)(C)O  ,433,5,0.8,31
CCC(C)(C)O  ,433,5,0.9,36.8
CCC(C)(C)O  ,433,5,1,39.8
CCC(C)(C)O  ,433,5,1.1,40.7
CCC(C)(C)O  ,433,5,1.2,36.4
CCC(C)(C)O  ,433,5,1.3,31.5
CCC(C)(C)O  ,433,5,1.4,31.7
CCC(C)(C)O  ,358,1,0.7,26.2
CCC(C)(C)O  ,358,1,0.8,34.8
CCC(C)(C)O  ,358,1,0.9,41.7
CCC(C)(C)O  ,358,1,1,46
CCC(C)(C)O  ,358,1,1.05,46.8
CCC(C)(C)O  ,358,1,1.1,46.5
CCC(C)(C)O  ,358,1,1.2,44.7
CCC(C)(C)O  ,358,1,1.3,39.2
CCC(C)(C)O  ,358,1,1.4,30.5
CCC(C)(C)O  ,358,1,0.7,26.7
CCC(C)(C)O  ,358,1,0.8,35.3
CCC(C)(C)O  ,358,1,0.9,42.4
CCC(C)(C)O  ,358,1,1,46.8
CCC(C)(C)O  ,358,1,1.1,48.3
CCC(C)(C)O  ,358,1,1.2,46.3
CCC(C)(C)O  ,358,1,1.3,40.8
CCC(C)(C)O  ,358,1,1.4,33.2
CCCCCO,393,1,0.7,37.2
CCCCCO,393,1,0.8,47.4
CCCCCO,393,1,0.9,54.6
CCCCCO,393,1,1,58.8
CCCCCO,393,1,1.1,59
CCCCCO,393,1,1.2,56.1
CCCCCO,393,1,1.3,48.6
CCCCCO,393,1,1.4,39.5
CCCCCO,473,1,0.7,53
CCCCCO,473,1,0.8,66.3
CCCCCO,473,1,0.9,75.8
CCCCCO,473,1,1,79
CCCCCO,473,1,1.1,79.2
CCCCCO,473,1,1.2,73.8
CCCCCO,473,1,1.3,65.5
CCCCCO,473,1,1.4,50.5
CCCCCO,433,5,0.7,27.2
CCCCCO,433,5,0.8,35.6
CCCCCO,433,5,0.9,42.4
CCCCCO,433,5,1,47.3
CCCCCO,433,5,1.1,46.7
CCCCCO,433,5,1.2,43.2
CCCCCO,433,5,1.3,33.1
CCCCCO,433,1,0.7,44.5
CCCCCO,433,1,0.8,54.2
CCCCCO,433,1,0.9,63.4
CCCCCO,433,1,1,66.7
CCCCCO,433,1,1.1,66.9
CCCCCO,433,1,1.2,65
CCCCCO,433,1,1.3,56
CCCCCO,433,1,1.4,46.3
CCCCCO,393,1,0.7,38.7
CCCCCO,393,1,0.8,47.8
CCCCCO,393,1,0.9,54.7
CCCCCO,393,1,1,58.7
CCCCCO,393,1,1.1,59.5
CCCCCO,393,1,1.2,56.4
CCCCCO,393,1,1.3,49
CCCCCO,393,1,1.4,39.3
CCCCCO,433,1,0.7,46.4
CCCCCO,433,1,0.8,56.7
CCCCCO,433,1,0.9,64.9
CCCCCO,433,1,1,68.1
CCCCCO,433,1,1.1,67.8
CCCCCO,433,1,1.2,64.9
CCCCCO,433,1,1.3,57.2
CCCCCO,433,1,1.4,44.4
CCCCCO,473,1,0.7,53.3
CCCCCO,473,1,0.8,68.4
CCCCCO,473,1,0.9,74.9
CCCCCO,473,1,1,79.2
CCCCCO,473,1,1.1,78.9
CCCCCO,473,1,1.2,73.8
CCCCCO,473,1,1.3,64.9
CCCCCO,473,1,1.4,51
CCCCCO,433,2.5,0.7,33.5
CCCCCO,433,2.5,0.8,45.8
CCCCCO,433,2.5,0.9,49.8
CCCCCO,433,2.5,1,55.7
CCCCCO,433,2.5,1.1,56.5
CCCCCO,433,2.5,1.2,54.4
CCCCCO,433,2.5,1.3,46.8
CCCCCO,433,2.5,1.4,36.8
CCCCCO,433,5,0.7,26.6
CCCCCO,433,5,0.8,35
CCCCCO,433,5,0.9,41.7
CCCCCO,433,5,1,47
CCCCCO,433,5,1.1,47.5
CCCCCO,433,5,1.2,44.5
CCCCCO,433,5,1.3,37.1
CCCC(C)O  ,433,1,0.7,41
CCCC(C)O  ,433,1,0.8,50.6
CCCC(C)O  ,433,1,0.9,56.7
CCCC(C)O  ,433,1,1,61.2
CCCC(C)O  ,433,1,1.1,61.2
CCCC(C)O  ,433,1,1.2,54.9
CCCC(C)O  ,433,1,1.3,48.2
CCCC(C)O  ,433,1,1.4,34.2
CCCC(C)O  ,393,1,0.7,35.2
CCCC(C)O  ,393,1,0.8,44.2
CCCC(C)O  ,393,1,0.9,50.1
CCCC(C)O  ,393,1,1,54.3
CCCC(C)O  ,393,1,1.1,54.9
CCCC(C)O  ,393,1,1.2,52.2
CCCC(C)O  ,393,1,1.3,43.9
CCCC(C)O  ,393,1,1.4,34.8
CCCC(C)O  ,433,2.5,0.7,30.7
CCCC(C)O  ,433,2.5,0.8,42
CCCC(C)O  ,433,2.5,0.9,49
CCCC(C)O  ,433,2.5,1,51.9
CCCC(C)O  ,433,2.5,1.1,52.6
CCCC(C)O  ,433,2.5,1.2,50.1
CCCC(C)O  ,433,2.5,1.3,37.9
CCCC(C)O  ,433,2.5,1.4,29.4
CCCC(C)O  ,433,5,0.7,24.8
CCCC(C)O  ,433,5,0.8,33.7
CCCC(C)O  ,433,5,0.9,38.6
CCCC(C)O  ,433,5,1,42.6
CCCC(C)O  ,433,5,1.1,43.3
CCCC(C)O  ,433,5,1.2,38.6
CCCC(C)O  ,433,5,1.3,34.6
CCCC(C)O  ,358,1,0.7,27.9
CCCC(C)O  ,358,1,0.8,36.6
CCCC(C)O  ,358,1,0.9,43.3
CCCC(C)O  ,358,1,1,48.5
CCCC(C)O  ,358,1,1.1,49.6
CCCC(C)O  ,358,1,1.2,46.8
CCCC(C)O  ,358,1,1.3,41.5
CCCC(C)O  ,358,1,1.4,33.6
CCC(CC)O  ,393,1,0.7,35.5
CCC(CC)O  ,393,1,0.8,44.7
CCC(CC)O  ,393,1,0.9,51.9
CCC(CC)O  ,393,1,1,56.3
CCC(CC)O  ,393,1,1.1,56.4
CCC(CC)O  ,393,1,1.2,53.4
CCC(CC)O  ,393,1,1.3,46.2
CCC(CC)O  ,393,1,1.4,38
CCC(CC)O  ,433,1,0.7,41.6
CCC(CC)O  ,433,1,0.8,52
CCC(CC)O  ,433,1,0.9,60.5
CCC(CC)O  ,433,1,1,63.2
CCC(CC)O  ,433,1,1.1,63.7
CCC(CC)O  ,433,1,1.2,58.7
CCC(CC)O  ,433,1,1.3,48.2
CCC(CC)O  ,433,1,1.4,40.3
CCC(CC)O  ,433,2.5,0.7,34.3
CCC(CC)O  ,433,2.5,0.8,44.7
CCC(CC)O  ,433,2.5,0.9,50.4
CCC(CC)O  ,433,2.5,1,53.7
CCC(CC)O  ,433,2.5,1.1,54.9
CCC(CC)O  ,433,2.5,1.2,51.7
CCC(CC)O  ,433,2.5,1.3,39.5
CCC(CC)O  ,433,2.5,1.4,31.8
CCC(CC)O  ,433,5,0.7,27
CCC(CC)O  ,433,5,0.8,34.6
CCC(CC)O  ,433,5,0.9,40.4
CCC(CC)O  ,433,5,1,45.3
CCC(CC)O  ,433,5,1.1,46.2
CCC(CC)O  ,433,5,1.2,41.5
CCC(CC)O  ,433,5,1.3,32.8
CCC(CC)O  ,358,1,0.7,29.7
CCC(CC)O  ,358,1,0.8,38.7
CCC(CC)O  ,358,1,0.9,45.5
CCC(CC)O  ,358,1,1,50.4
CCC(CC)O  ,358,1,1.1,52.1
CCC(CC)O  ,358,1,1.2,49.5
CCC(CC)O  ,358,1,1.3,44.2
CCC(CC)O  ,358,1,1.4,36
CC(=CCO)C ,428,1,0.73,57.4
CC(=CCO)C ,428,1,0.8,61.3
CC(=CCO)C ,428,1,0.9,70.6
CC(=CCO)C ,428,1,1.05,72.8
CC(=CCO)C ,428,1,1.15,67.2
CC(=CCO)C ,428,1,1.21,58.5
CC(=CCO)C ,428,1,1.3,50.6
CC(=CCO)C ,428,1,1.38,42.6
CC(=C)CCO  ,428,1,0.8,61.9
CC(=C)CCO  ,428,1,0.88,66.3
CC(=C)CCO  ,428,1,0.93,70
CC(=C)CCO  ,428,1,0.96,73
CC(=C)CCO  ,428,1,1.05,72
CC(=C)CCO  ,428,1,1.14,67
CC(=C)CCO  ,428,1,1.22,62.4
CC(=C)CCO  ,428,1,1.27,57.9
CC(=C)CCO  ,428,1,1.33,48.4
CCCCCCO,433,1,0.8,48.8
CCCCCCO,433,1,0.9,60.1
CCCCCCO,433,1,1,65.6
CCCCCCO,433,1,1.1,66.9
CCCCCCO,433,1,1.2,65
CCCCCCO,433,1,1.3,57.3
CCCCCCO,433,1,1.4,48.9
CCCCCCO,423,1,0.7,39.6
CCCCCCO,423,1,0.8,50
CCCCCCO,423,1,0.9,57.9
CCCCCCO,423,1,1,60.6
CCCCCCO,423,1,1.1,60.8
CCCCCCO,423,1,1.2,57.9
CCCCCCO,423,1,1.3,50
CCCCCCO,423,3,0.8,39.1
CCCCCCO,423,3,0.9,45.3
CCCCCCO,423,3,1,48.5
CCCCCCO,423,3,1.1,47.6
CCCCCCO,423,3,1.2,45.9
CCCCCCO,423,3,1.3,39.8
CCCCCCCO,433,1,0.8,49.9
CCCCCCCO,433,1,0.9,57.3
CCCCCCCO,433,1,1,64.7
CCCCCCCO,433,1,1.1,67.1
CCCCCCCO,433,1,1.2,64.7
CCCCCCCO,433,1,1.3,61.3
CCCCCCCO,433,1,1.4,48
CCCCCCCCO,433,1,0.8,49
CCCCCCCCO,433,1,0.9,56
CCCCCCCCO,433,1,1,64
CCCCCCCCO,433,1,1.1,68
CCCCCCCCO,433,1,1.2,64
CCCCCCCCO,433,1,1.3,61
CCCCCCCCO,433,1,1.4,51
C1CCC(C1)O  ,433,1,0.8,49.3
C1CCC(C1)O  ,433,1,0.9,56.4
C1CCC(C1)O  ,433,1,1,63.1
C1CCC(C1)O  ,433,1,1.1,64.9
C1CCC(C1)O  ,433,1,1.2,64.7
C1CCC(C1)O  ,433,1,1.3,58.7
C1CCC(C1)O  ,433,2.5,0.8,38.9
C1CCC(C1)O  ,433,2.5,0.9,46
C1CCC(C1)O  ,433,2.5,1,51
C1CCC(C1)O  ,433,2.5,1.1,54.2
C1CCC(C1)O  ,433,2.5,1.2,54
C1CCC(C1)O  ,433,2.5,1.3,48.7
C1CCC(C1)O  ,433,5,0.8,29
C1CCC(C1)O  ,433,5,0.9,38.7
C1CCC(C1)O  ,433,5,1,42.5
C1CCC(C1)O  ,433,5,1.1,45
C1CCC(C1)O  ,433,5,1.2,45
C1CCC(C1)O  ,433,5,1.3,40
C1CCC(C1)O  ,398,1,0.8,40.2
C1CCC(C1)O  ,398,1,0.9,46.2
C1CCC(C1)O  ,398,1,1,52.7
C1CCC(C1)O  ,398,1,1.1,55.8
CC(=O)C,318,1,0.7,22.5
CC(=O)C,318,1,0.8,29
CC(=O)C,318,1,0.9,36
CC(=O)C,318,1,1,40
CC(=O)C,318,1,1.1,42
CC(=O)C,318,1,1.2,41
CC(=O)C,318,1,1.3,37.5
CC(=O)C,318,1,1.4,31
CC(=O)C,338,1,0.7,24
CC(=O)C,338,1,0.8,32.5
CC(=O)C,338,1,0.9,39
CC(=O)C,338,1,1,44
CC(=O)C,338,1,1.1,46
CC(=O)C,373,1,0.7,31.4
CC(=O)C,373,1,0.8,41.9
CC(=O)C,373,1,0.9,48.3
CC(=O)C,373,1,1,55.5
CC(=O)C,373,1,1.1,56.4
CC(=O)C,373,1,1.2,55.8
CC(=O)C,373,1,1.3,50.1
CC(=O)C,373,1,1.4,39.5
CC(=O)C,403,1,0.7,40.4
CC(=O)C,403,1,0.8,48
CC(=O)C,403,1,0.9,57.3
CC(=O)C,403,1,1,62.4
CC(=O)C,403,1,1.1,64.2
CC(=O)C,403,1,1.2,63
CC(=O)C,403,1,1.3,58.5
CC(=O)C,443,1,0.7,45.8
CC(=O)C,443,1,0.8,57.9
CC(=O)C,443,1,0.9,67.2
CC(=O)C,443,1,1,73.6
CC(=O)C,443,1,1.1,78.1
CC(=O)C,443,1,1.2,76.6
CC(=O)C,443,1,1.3,72.3
CC(=O)C,468,1,0.7,50.1
CC(=O)C,468,1,0.8,63
CC(=O)C,468,1,0.9,73.6
CC(=O)C,468,1,1,79.6
CC(=O)C,468,1,1.1,83.2
CC(=O)C,468,1,1.2,79.3
CC(=O)C,468,1,1.3,71.1
CC(=O)C,298,1,0.99,37.2
CC(=O)C,298,1,1.09,37.2
CC(=O)C,298,1,1.18,36.1
CC(=O)C,298,1,1.28,35.9
CC(=O)C,298,1,1.38,34.3
CC(=O)C,298,1,1.48,27.1
CC(=O)C,298,1,0.74,25.1
CC(=O)C,298,1,0.79,28.5
CC(=O)C,298,1,0.83,31.1
CC(=O)C,298,1,0.92,35.5
CC(=O)C,298,1,0.97,37.5
CC(=O)C,298,1,1.01,39.2
CC(=O)C,298,1,1.1,41.3
CC(=O)C,298,1,1.15,42
CC(=O)C,298,1,1.2,42.5
CC(=O)C,298,1,1.24,41.9
CC(=O)C,298,1,1.29,39
CC(=O)C,298,1,1.33,36.8
CC(=O)C,298,1,1.38,32.1
CCC(=O)C  ,373,1,0.7,30
CCC(=O)C  ,373,1,0.8,38
CCC(=O)C  ,373,1,0.9,45
CCC(=O)C  ,373,1,1,51
CCC(=O)C  ,373,1,1.1,55
CCC(=O)C  ,373,1,1.2,54.5
CCC(=O)C  ,373,1,1.3,52
CCC(=O)C  ,373,5,0.7,16
CCC(=O)C  ,373,5,0.8,25
CCC(=O)C  ,373,5,0.9,30
CCC(=O)C  ,373,5,1,34
CCC(=O)C  ,373,5,1.1,37.5
CCC(=O)C  ,373,5,1.2,36
CCC(=O)C  ,373,5,1.3,32.5
CCC(=O)C  ,423,1,0.8,47
CCC(=O)C  ,423,1,1.3,61
CCC(=O)C  ,423,5,0.8,32.5
CCC(=O)C  ,423,5,1.3,41
CC(C)C(=O)C ,393,1,0.7,32.09
CC(C)C(=O)C ,393,1,0.8,42.03
CC(C)C(=O)C ,393,1,0.9,50.39
CC(C)C(=O)C ,393,1,1,55.45
CC(C)C(=O)C ,393,1,1.1,57.31
CC(C)C(=O)C ,393,1,1.2,56.35
CC(C)C(=O)C ,393,1,1.3,53.48
CC(C)C(=O)C ,393,1,1.4,45.71
CC(C)C(=O)C ,393,1,0.7,31.78
CC(C)C(=O)C ,393,1,0.8,41.81
CC(C)C(=O)C ,393,1,0.9,49.37
CC(C)C(=O)C ,393,1,1,55.49
CC(C)C(=O)C ,393,1,1.1,57.16
CC(C)C(=O)C ,393,1,1.2,55.87
CC(C)C(=O)C ,393,1,1.3,51.15
CC(C)C(=O)C ,393,1,1.4,43.43
CC(C)C(=O)C ,423,1,0.7,42.92
CC(C)C(=O)C ,423,1,0.8,53.87
CC(C)C(=O)C ,423,1,0.9,61.17
CC(C)C(=O)C ,423,1,1,65.77
CC(C)C(=O)C ,423,1,1.1,66.74
CC(C)C(=O)C ,423,1,1.2,63.54
CC(C)C(=O)C ,423,1,1.3,58.49
CC(C)C(=O)C ,423,1,1.4,49.49
CC(C)C(=O)C ,423,2,0.7,36.52
CC(C)C(=O)C ,423,2,0.8,46.65
CC(C)C(=O)C ,423,2,0.9,53.33
CC(C)C(=O)C ,423,2,1,57.41
CC(C)C(=O)C ,423,2,1.1,59.1
CC(C)C(=O)C ,423,2,1.2,57.02
CC(C)C(=O)C ,423,2,1.3,51.23
CC(C)C(=O)C ,423,2,1.4,42.19
CC(C)C(=O)C ,423,5,0.7,26.51
CC(C)C(=O)C ,423,5,0.8,35.58
CC(C)C(=O)C ,423,5,0.9,41.82
CC(C)C(=O)C ,423,5,1,46.64
CC(C)C(=O)C ,423,5,1.1,46.85
CCCC(=O)C  ,393,1,0.7,32.09
CCCC(=O)C  ,393,1,0.8,42.03
CCCC(=O)C  ,393,1,0.9,50.39
CCCC(=O)C  ,393,1,1,55.45
CCCC(=O)C  ,393,1,1.1,57.31
CCCC(=O)C  ,393,1,1.2,56.35
CCCC(=O)C  ,393,1,1.3,53.48
CCCC(=O)C  ,393,1,1.4,45.71
CCCC(=O)C  ,393,1,0.7,31.78
CCCC(=O)C  ,393,1,0.8,41.81
CCCC(=O)C  ,393,1,0.9,49.37
CCCC(=O)C  ,393,1,1,55.49
CCCC(=O)C  ,393,1,1.1,57.16
CCCC(=O)C  ,393,1,1.2,55.87
CCCC(=O)C  ,393,1,1.3,51.15
CCCC(=O)C  ,393,1,1.4,43.43
CCCC(=O)C  ,423,1,0.7,42.92
CCCC(=O)C  ,423,1,0.8,53.87
CCCC(=O)C  ,423,1,0.9,61.17
CCCC(=O)C  ,423,1,1,65.77
CCCC(=O)C  ,423,1,1.1,66.74
CCCC(=O)C  ,423,1,1.2,63.54
CCCC(=O)C  ,423,1,1.3,58.49
CCCC(=O)C  ,423,1,1.4,49.49
CCCC(=O)C  ,423,2,0.7,36.52
CCCC(=O)C  ,423,2,0.8,46.65
CCCC(=O)C  ,423,2,0.9,53.33
CCCC(=O)C  ,423,2,1,57.41
CCCC(=O)C  ,423,2,1.1,59.1
CCCC(=O)C  ,423,2,1.2,57.02
CCCC(=O)C  ,423,2,1.3,51.23
CCCC(=O)C  ,423,2,1.4,42.19
CCCC(=O)C  ,423,5,0.7,26.51
CCCC(=O)C  ,423,5,0.8,35.58
CCCC(=O)C  ,423,5,0.9,41.82
CCCC(=O)C  ,423,5,1,46.64
CCCC(=O)C  ,423,5,1.1,46.85
CCC(=O)CC,305,1,0.75,26
CCC(=O)CC,305,1,0.8,30
CCC(=O)CC,305,1,0.9,35
CCC(=O)CC,305,1,1,41
CCC(=O)CC,305,1,1.08,42.5
CCC(=O)CC,305,1,1.2,39
CCC(=O)CC,305,1,1.3,38
CCC(=O)CC,305,1,1.4,29
CCC(=O)CC,393,1,0.7,37.02
CCC(=O)CC,393,1,0.8,46.76
CCC(=O)CC,393,1,0.9,53.95
CCC(=O)CC,393,1,1,60.08
CCC(=O)CC,393,1,1.1,62.27
CCC(=O)CC,393,1,1.2,62.25
CCC(=O)CC,393,1,1.3,58.38
CCC(=O)CC,393,1,1.4,51.13
CCC(=O)CC,393,1,0.7,37.92
CCC(=O)CC,393,1,0.8,46.13
CCC(=O)CC,393,1,0.9,54.83
CCC(=O)CC,393,1,1,60.32
CCC(=O)CC,393,1,1.1,63.15
CCC(=O)CC,393,1,1.2,62.08
CCC(=O)CC,393,1,1.3,56.48
CCC(=O)CC,393,1,1.4,49.37
CCC(=O)CC,423,1,0.7,45.46
CCC(=O)CC,423,1,0.8,54.56
CCC(=O)CC,423,1,0.9,62.52
CCC(=O)CC,423,1,1,67.59
CCC(=O)CC,423,1,1.1,70.15
CCC(=O)CC,423,1,1.2,70.1
CCC(=O)CC,423,1,1.3,66.77
CCC(=O)CC,423,1,1.4,58.41
CCC(=O)CC,423,2,0.7,38.21
CCC(=O)CC,423,2,0.8,47.33
CCC(=O)CC,423,2,0.9,56.57
CCC(=O)CC,423,2,1,60.71
CCC(=O)CC,423,2,1.1,63.54
CCC(=O)CC,423,2,1.2,63.29
CCC(=O)CC,423,2,1.3,58.08
CCC(=O)CC,423,2,1.4,49.91
CCC(=O)CC,423,5,0.7,28.74
CCC(=O)CC,423,5,0.8,37.83
CCC(=O)CC,423,5,0.9,45.57
CCC(=O)CC,423,5,1,50.7
CCC(=O)CC,423,5,1.1,53.68
CC(C)C(=O)C(C)C,393,1,0.8,46
CC(C)C(=O)C(C)C,393,1,0.9,54
CC(C)C(=O)C(C)C,393,1,1,58
CC(C)C(=O)C(C)C,393,1,1.1,61
CC(C)C(=O)C(C)C,393,1,1.2,60
CC(C)C(=O)C(C)C,393,1,1.3,53
CC(C)C(=O)C(C)C,393,1,1.4,48
CC(C)C(=O)C(C)C,393,5,0.8,34
CC(C)C(=O)C(C)C,393,5,0.9,40
CC(C)C(=O)C(C)C,393,5,0.95,42
CC(=O)C(=O)C,298,1,0.7,21.7
CC(=O)C(=O)C,298,1,0.8,29.5
CC(=O)C(=O)C,298,1,0.9,36.5
CC(=O)C(=O)C,298,1,1,40.3
CC(=O)C(=O)C,298,1,1.1,42.8
CC(=O)C(=O)C,298,1,1.2,42.5
CC(=O)C(=O)C,298,1,1.3,40.1
CC(=O)C(=O)C,298,1,1.4,35.6
CC(=O)C(=O)C,318,1,0.7,25
CC(=O)C(=O)C,318,1,0.8,33.2
CC(=O)C(=O)C,318,1,0.9,40.3
CC(=O)C(=O)C,318,1,1,44.9
CC(=O)C(=O)C,318,1,1.1,47.4
CC(=O)C(=O)C,318,1,1.2,47.4
CC(=O)C(=O)C,318,1,1.3,44.4
CC(=O)C(=O)C,318,1,1.4,39.5
CC(=O)C(=O)C,338,1,0.7,29.7
CC(=O)C(=O)C,338,1,0.8,38.3
CC(=O)C(=O)C,338,1,0.9,44.9
CC(=O)C(=O)C,338,1,1,49.7
CC(=O)C(=O)C,338,1,1.1,52.9
CC(=O)C(=O)C,338,1,1.2,52.3
CC(=O)C(=O)C,338,1,1.3,49.3
CC(=O)C(=O)C,338,1,1.4,43.3
C1CCC(=O)C1,423,1,0.8,57.6
C1CCC(=O)C1,423,1,0.9,69.5
C1CCC(=O)C1,423,1,1,76.2
C1CCC(=O)C1,423,1,1.1,79
C1CCC(=O)C1,423,1,1.2,81.3
C1CCC(=O)C1,423,1,1.4,74.1
C1CCC(=O)C1,448,1,0.8,63
C1CCC(=O)C1,448,1,0.9,78
C1CCC(=O)C1,448,1,1,83
C1CCC(=O)C1,448,1,1.1,89
C1CCC(=O)C1,448,1,1.2,90
C1CCC(=O)C1,448,1,1.4,81
C1CCC(=O)C1,473,1,0.8,70
C1CCC(=O)C1,473,1,0.9,83
C1CCC(=O)C1,473,1,1,93
C1CCC(=O)C1,473,1,1.1,96
C1CCC(=O)C1,473,1,1.2,97
C1CCC(=O)C1,473,1,1.4,91.5
CCC=O ,343,1,0.8,39
CCC=O ,343,1,0.9,46
CCC=O ,343,1,1,51
CCC=O ,343,1,1.1,53
CCC=O ,343,1,1.2,50
CCC=O ,343,1,1.3,46
CCC=O ,343,1,1.4,40
CCC=O ,393,1,0.8,47
CCC=O ,393,1,0.9,52
CCC=O ,393,1,1,57
CCC=O ,393,1,1.1,61
CCC=O ,393,1,1.2,64
CCC=O ,393,1,1.3,60
CCC=O ,393,1,1.4,55
CCC=O ,298,1,0.88,38.2
CCC=O ,298,1,0.98,42
CCC=O ,298,1,1.08,46.5
CCC=O ,298,1,1.17,47
CCC=O ,298,1,1.27,45.6
CCC=O ,298,1,1.37,45.9
CCCC=O ,343,1,0.8,40
CCCC=O ,343,1,0.9,47
CCCC=O ,343,1,1,51
CCCC=O ,343,1,1.1,52
CCCC=O ,343,1,1.2,49
CCCC=O ,343,1,1.3,45
CCCC=O ,343,1,1.4,37
CC(C)C=O  ,343,1,0.8,36
CC(C)C=O  ,343,1,0.9,42
CC(C)C=O  ,343,1,1,47
CC(C)C=O  ,343,1,1.1,49
CC(C)C=O  ,343,1,1.2,46
CC(C)C=O  ,343,1,1.3,39
CC(C)C=O  ,343,1,1.4,30
COC=O ,300,1,0.7,20.1
COC=O ,300,1,0.8,25.8
COC=O ,300,1,0.9,31.2
COC=O ,300,1,1,35.8
COC=O ,300,1,1.1,38.2
COC=O ,300,1,1.2,37.2
COC=O ,300,1,1.3,31.1
COC=O ,300,1,1.4,26.4
COC=O ,333,1,0.7,25
COC=O ,333,1,0.8,31.2
COC=O ,333,1,0.9,37
COC=O ,333,1,1,42.7
COC=O ,333,1,1.1,45.5
COC=O ,333,1,1.2,44.4
COC=O ,333,1,1.3,37.2
COC=O ,333,1,1.4,31.7
COC=O ,348,1,0.7,27.3
COC=O ,348,1,0.8,34
COC=O ,348,1,0.9,40
COC=O ,348,1,1,45.3
COC=O ,348,1,1.1,48.5
COC=O ,348,1,1.2,47.9
COC=O ,348,1,1.3,40.3
COC=O ,348,1,1.4,34.6
COC=O ,500,1,0.7,56.4
COC=O ,500,1,0.8,65.3
COC=O ,500,1,0.9,73.8
COC=O ,500,1,1,80.5
COC=O ,500,1,1.1,86.2
COC=O ,500,1,1.2,88.6
COC=O ,500,1,1.3,76.5
COC=O ,500,1,1.4,66.3
COC=O ,298,1,0.8,24
COC=O ,298,1,0.9,30
COC=O ,298,1,1,34.6
COC=O ,298,1,1.1,36.2
COC=O ,298,1,1.2,35.4
COC=O ,298,1,1.3,33
COC=O ,298,1,1.4,28.7
COC=O ,333,1,0.7,20.5
COC=O ,333,1,0.8,29.4
COC=O ,333,1,0.9,35.2
COC=O ,333,1,1,39.9
COC=O ,333,1,1.1,42.8
COC=O ,333,1,1.2,42.1
COC=O ,333,1,1.3,40.1
COC=O ,333,1,1.4,34.1
CC(=O)OC,298,1,0.8,23
CC(=O)OC,298,1,0.9,26
CC(=O)OC,298,1,1,30
CC(=O)OC,298,1,1.1,32.5
CC(=O)OC,298,1,1.2,32
CC(=O)OC,298,1,1.3,27
CC(=O)OC,298,1,1.4,23
CC(=O)OC,338,1,0.7,20.5
CC(=O)OC,338,1,0.8,27
CC(=O)OC,338,1,0.9,33
CC(=O)OC,338,1,1,37.5
CC(=O)OC,338,1,1.1,39
CC(=O)OC,338,1,1.2,38
CC(=O)OC,338,1,1.3,36
CC(=O)OC,338,1,1.4,31
CC(=O)OC,333,1,0.7,19.1
CC(=O)OC,333,1,0.8,26.5
CC(=O)OC,333,1,0.9,32.8
CC(=O)OC,333,1,1,37
CC(=O)OC,333,1,1.1,39.4
CC(=O)OC,333,1,1.2,38
CC(=O)OC,333,1,1.3,35
CC(=O)OC,333,1,1.4,29.6
CCOC=O  ,298,1,0.7,21
CCOC=O  ,298,1,0.8,28
CCOC=O  ,298,1,0.9,34
CCOC=O  ,298,1,1,37.5
CCOC=O  ,298,1,1.1,38
CCOC=O  ,298,1,1.2,37
CCOC=O  ,298,1,1.3,33
CCOC=O  ,298,1,1.4,27.5
CCOC=O  ,338,1,0.7,26
CCOC=O  ,338,1,0.8,34
CCOC=O  ,338,1,0.9,40
CCOC=O  ,338,1,1,44
CCOC=O  ,338,1,1.1,46
CCOC=O  ,333,1,0.7,24.8
CCOC=O  ,333,1,0.8,32.8
CCOC=O  ,333,1,0.9,39.9
CCOC=O  ,333,1,1,42.4
CCOC=O  ,333,1,1.1,43.5
CCOC=O  ,333,1,1.2,42.2
CCOC=O  ,333,1,1.3,38.5
CCOC=O  ,333,1,1.4,31
CCC(=O)OC  ,333,1,0.7,22.7
CCC(=O)OC  ,333,1,0.8,28.9
CCC(=O)OC  ,333,1,0.9,35.3
CCC(=O)OC  ,333,1,1,39.2
CCC(=O)OC  ,333,1,1.1,40.8
CCC(=O)OC  ,333,1,1.2,38.6
CCC(=O)OC  ,333,1,1.3,33.3
CCC(=O)OC  ,333,1,1.4,26.2
CCOC(=O)C,423,1,0.8,44.1
CCOC(=O)C,423,1,0.9,50.4
CCOC(=O)C,423,1,1,53.7
CCOC(=O)C,423,1,1.1,54.1
CCOC(=O)C,423,1,1.2,52.9
CCOC(=O)C,423,1,1.3,46
CCOC(=O)C,423,1,1.4,38.6
CCOC(=O)C,423,3,0.7,25
CCOC(=O)C,423,3,0.8,32.7
CCOC(=O)C,423,3,0.9,38.4
CCOC(=O)C,423,3,1,41.4
CCOC(=O)C,423,3,1.1,41.8
CCOC(=O)C,423,3,1.2,39.6
CCOC(=O)C,423,3,1.3,34.7
CCOC(=O)C,333,1,0.9,34
CCOC(=O)C,333,1,1,37
CCOC(=O)C,333,1,1.1,38
CCOC(=O)C,333,1,1.2,37
CCOC(=O)C,333,1,1.3,35
CCOC(=O)C,333,1,1.4,31
CCOC(=O)C,363,1,0.8,32
CCOC(=O)C,363,1,0.9,36
CCOC(=O)C,363,1,1,42
CCOC(=O)C,363,1,1.1,44
CCOC(=O)C,363,1,1.2,42
CCOC(=O)C,363,1,1.3,38
CCOC(=O)C,363,1,1.4,31
CCOC(=O)C,393,1,0.8,34
CCOC(=O)C,393,1,0.9,40
CCOC(=O)C,393,1,1,46
CCOC(=O)C,393,1,1.1,50
CCOC(=O)C,393,1,1.2,47.5
CCOC(=O)C,393,1,1.3,43
CCOC(=O)C,393,1,1.4,36
CCOC(=O)C,298,1,0.8,23
CCOC(=O)C,298,1,0.9,28
CCOC(=O)C,298,1,1,31
CCOC(=O)C,298,1,1.1,32
CCOC(=O)C,298,1,1.2,29
CCOC(=O)C,298,1,1.3,25
CCOC(=O)C,338,1,0.8,29
CCOC(=O)C,338,1,0.9,34
CCOC(=O)C,338,1,1,38
CCOC(=O)C,338,1,1.2,38.5
CCOC(=O)C,333,1,0.7,21.6
CCOC(=O)C,333,1,0.8,28.9
CCOC(=O)C,333,1,0.9,33.9
CCOC(=O)C,333,1,1,37.2
CCOC(=O)C,333,1,1.1,38.2
CCOC(=O)C,333,1,1.2,36.1
CCOC(=O)C,333,1,1.3,30.7
CCOC(=O)C,333,1,1.4,23.3
CCCOC(=O),298,1,0.7,18
CCCOC(=O),298,1,0.8,26
CCCOC(=O),298,1,0.9,31
CCCOC(=O),298,1,1,34
CCCOC(=O),298,1,1.1,34.5
CCCOC(=O),298,1,1.2,33
CCCOC(=O),298,1,1.3,27.5
CCCOC(=O),298,1,1.4,21
CCCOC(=O),338,1,0.7,24
CCCOC(=O),338,1,0.8,32
CCCOC(=O),338,1,0.9,37.5
CCCOC(=O),338,1,1,41
CCCOC(=O),338,1,1.1,42
CCCOC(=O),338,1,1.2,39
CCCC(=O)OC,298,1,0.7,18
CCCC(=O)OC,298,1,0.8,25
CCCC(=O)OC,298,1,0.9,30.5
CCCC(=O)OC,298,1,1,33
CCCC(=O)OC,298,1,1.1,35
CCCC(=O)OC,298,1,1.2,32.5
CCCC(=O)OC,298,1,1.3,28
CCCC(=O)OC,338,1,0.7,23
CCCC(=O)OC,338,1,0.8,32
CCCC(=O)OC,338,1,0.9,37.5
CCCC(=O)OC,338,1,1,42
CCCC(=O)OC,338,1,1.1,42.5
CCCC(=O)OC,338,1,1.2,41
CCCC(=O)OC,338,1,1.3,37
CCCC(=O)OC,353,2,0.7,21.8
CCCC(=O)OC,353,2,0.8,28.5
CCCC(=O)OC,353,2,0.9,34.7
CCCC(=O)OC,353,2,1,37.5
CCCC(=O)OC,353,2,1.1,37.8
CCCC(=O)OC,353,2,1.2,34.9
CCCC(=O)OC,353,2,1.3,30.9
CCCC(=O)OC,353,2,1.4,22.5
CCCC(=O)OC,333,1,0.7,22.7
CCCC(=O)OC,333,1,0.8,28.9
CCCC(=O)OC,333,1,0.9,35.3
CCCC(=O)OC,333,1,1,39.2
CCCC(=O)OC,333,1,1.1,40.8
CCCC(=O)OC,333,1,1.2,38.6
CCCC(=O)OC,333,1,1.3,33.3
CCCC(=O)OC,333,1,1.4,26.2
CCCC(=O)OC,403,1,0.7,37.4
CCCC(=O)OC,403,1,0.8,47.1
CCCC(=O)OC,403,1,0.9,54.1
CCCC(=O)OC,403,1,1,57.9
CCCC(=O)OC,403,1,1.1,58.7
CCCC(=O)OC,403,1,1.2,54
CCCC(=O)OC,403,1,1.3,46
CCCC(=O)OC,403,1,1.4,36.4
CC=CC(=O)OC  ,403,1,0.7,39.41
CC=CC(=O)OC  ,403,1,0.8,50.37
CC=CC(=O)OC  ,403,1,0.9,57.21
CC=CC(=O)OC  ,403,1,1,60.87
CC=CC(=O)OC  ,403,1,1.1,62.1
CC=CC(=O)OC  ,403,1,1.2,57.72
CC=CC(=O)OC  ,403,1,1.3,50.1
CC=CC(=O)OC  ,403,1,1.4,40.34
CCC(=O)OCC  ,423,1,0.8,47
CCC(=O)OCC  ,423,1,0.9,54
CCC(=O)OCC  ,423,1,1,57
CCC(=O)OCC  ,423,1,1.1,58
CCC(=O)OCC  ,423,1,1.2,57
CCC(=O)OCC  ,423,1,1.3,52
CCC(=O)OCC  ,423,1,1.4,42
CCC(=O)OCC  ,423,3,0.8,36.7
CCC(=O)OCC  ,423,3,0.9,43.3
CCC(=O)OCC  ,423,3,1,47.1
CCC(=O)OCC  ,423,3,1.1,48.8
CCC(=O)OCC  ,423,3,1.2,46.7
CCC(=O)OCC  ,423,3,1.3,40
CCC(=O)OCC  ,423,3,1.4,34.6
CCC(=O)OCC  ,333,1,0.9,31
CCC(=O)OCC  ,333,1,1,36
CCC(=O)OCC  ,333,1,1.1,41
CCC(=O)OCC  ,333,1,1.2,40
CCC(=O)OCC  ,333,1,1.3,39
CCC(=O)OCC  ,333,1,1.4,34
CCC(=O)OCC  ,363,1,0.8,29
CCC(=O)OCC  ,363,1,0.9,37
CCC(=O)OCC  ,363,1,1,44
CCC(=O)OCC  ,363,1,1.1,47.5
CCC(=O)OCC  ,363,1,1.2,46
CCC(=O)OCC  ,363,1,1.3,45
CCC(=O)OCC  ,363,1,1.4,41
CCC(=O)OCC  ,393,1,0.8,39
CCC(=O)OCC  ,393,1,0.9,45
CCC(=O)OCC  ,393,1,1,53
CCC(=O)OCC  ,393,1,1.1,56
CCC(=O)OCC  ,393,1,1.2,54
CCC(=O)OCC  ,393,1,1.3,48
CCC(=O)OCC  ,393,1,1.4,39
CCC(=O)OCC  ,333,1,0.7,23.8
CCC(=O)OCC  ,333,1,0.8,31.9
CCC(=O)OCC  ,333,1,0.9,37.9
CCC(=O)OCC  ,333,1,1,41.5
CCC(=O)OCC  ,333,1,1.1,41.9
CCC(=O)OCC  ,333,1,1.2,40.9
CCC(=O)OCC  ,333,1,1.3,36.2
CCC(=O)OCC  ,333,1,1.4,28.1
CCCOC(=O)C,298,1,0.7,16
CCCOC(=O)C,298,1,0.8,22
CCCOC(=O)C,298,1,1,30
CCCOC(=O)C,298,1,1.1,30.5
CCCOC(=O)C,298,1,1.2,27.5
CCCOC(=O)C,338,1,0.7,21
CCCOC(=O)C,338,1,0.8,28
CCCOC(=O)C,338,1,0.9,33
CCCOC(=O)C,338,1,1,37
CCCOC(=O)C,338,1,1.1,37.5
CCCCC(=O)OC  ,363,1,0.72,26.8
CCCCC(=O)OC  ,363,1,0.9,40.8
CCCCC(=O)OC  ,363,1,1,43.4
CCCCC(=O)OC  ,363,1,1.1,43.6
CCCCC(=O)OC  ,363,1,1.2,37.3
CCCCC(=O)OC  ,363,1,1.27,31.2
CCCCC(=O)OC  ,363,1,1.4,22.2
CCCCC(=O)OC  ,423,3,0.7,27.8
CCCCC(=O)OC  ,423,3,0.8,34.8
CCCCC(=O)OC  ,423,3,0.9,40.3
CCCCC(=O)OC  ,423,3,1.1,45.1
CCCCC(=O)OC  ,423,3,1.2,42.2
CCCCC(=O)OC  ,423,3,1.3,36.5
CCCCC(=O)OC  ,423,3,1.4,30.1
CCCCC(=O)OC  ,423,1,0.7,38.7
CCCCC(=O)OC  ,423,1,0.8,46
CCCCC(=O)OC  ,423,1,0.9,52.1
CCCCC(=O)OC  ,423,1,1,56.3
CCCCC(=O)OC  ,423,1,1.1,56.8
CCCCC(=O)OC  ,423,1,1.2,53.8
CCCCC(=O)OC  ,423,1,1.3,47.6
CCCCC(=O)OC  ,423,1,1.4,38.5
CCCC(=O)OCC ,423,1,0.8,42
CCCC(=O)OCC ,423,1,0.9,50
CCCC(=O)OCC ,423,1,1,55
CCCC(=O)OCC ,423,1,1.1,58
CCCC(=O)OCC ,423,1,1.2,54
CCCC(=O)OCC ,423,1,1.3,48
CCCC(=O)OCC ,423,1,1.4,35
CCCC(=O)OCC ,423,3,0.8,32
CCCC(=O)OCC ,423,3,0.9,40
CCCC(=O)OCC ,423,3,1,44
CCCC(=O)OCC ,423,3,1.1,45
CCCC(=O)OCC ,423,3,1.2,44
CCCC(=O)OCC ,333,1,0.9,25
CCCC(=O)OCC ,333,1,1,33
CCCC(=O)OCC ,333,1,1.1,39.3
CCCC(=O)OCC ,333,1,1.2,39.2
CCCC(=O)OCC ,333,1,1.3,38.3
CCCC(=O)OCC ,333,1,1.4,35.8
CCCC(=O)OCC ,363,1,0.8,32
CCCC(=O)OCC ,363,1,0.9,36
CCCC(=O)OCC ,363,1,1,43
CCCC(=O)OCC ,363,1,1.1,45
CCCC(=O)OCC ,363,1,1.2,43
CCCC(=O)OCC ,363,1,1.3,42
CCCC(=O)OCC ,363,1,1.4,38
CCCC(=O)OCC ,393,1,0.8,35
CCCC(=O)OCC ,393,1,0.9,39
CCCC(=O)OCC ,393,1,1,48
CCCC(=O)OCC ,393,1,1.1,55
CCCC(=O)OCC ,393,1,1.2,52.5
CCCC(=O)OCC ,393,1,1.3,50
CCCC(=O)OCC ,393,1,1.4,45
CCCCOC(=O)C,338,1,0.7,24
CCCCOC(=O)C,338,1,0.8,31
CCCCOC(=O)C,338,1,0.9,36
CCCCOC(=O)C,338,1,1,39
CCCCOC(=O)C,338,1,1.1,39
CCCCC(=O)OCC,423,1,0.7,39.5
CCCCC(=O)OCC,423,1,0.8,46.9
CCCCC(=O)OCC,423,1,0.9,56.3
CCCCC(=O)OCC,423,1,1,59.3
CCCCC(=O)OCC,423,1,1.1,59.6
CCCCC(=O)OCC,423,1,1.2,57.4
CCCCC(=O)OCC,423,1,1.3,48.6
CCCCC(=O)OCC,423,1,1.4,39
CCCCC(=O)OCC,423,3,0.7,26.9
CCCCC(=O)OCC,423,3,0.8,36.2
CCCCC(=O)OCC,423,3,0.9,41.7
CCCCC(=O)OCC,423,3,1,46.4
CCCCC(=O)OCC,423,3,1.1,47.8
CCCCC(=O)OCC,423,3,1.2,44.2
CCCCC(=O)OCC,423,3,1.3,38.7
CCCCC(=O)OCC,423,3,1.4,31.3
CCCCC(=O)OCC,423,5,0.8,30.2
CCCCC(=O)OCC,423,5,0.9,36.2
CCCCC(=O)OCC,423,5,1,40.1
CCCCC(=O)OCC,318,1,0.7,25.3
CCCCC(=O)OCC,318,1,0.8,31.1
CCCCC(=O)OCC,318,1,0.9,35.8
CCCCC(=O)OCC,318,1,1,38.9
CCCCC(=O)OCC,318,1,1.1,39.5
CCCCC(=O)OCC,328,1,0.7,26.2
CCCCC(=O)OCC,328,1,0.8,32.8
CCCCC(=O)OCC,328,1,0.9,37.9
CCCCC(=O)OCC,328,1,1,40.9
CCCCC(=O)OCC,328,1,1.1,41.3
CCCCC(=O)OCC,328,1,1.2,38.7
CCCCC(=O)OCC,338,1,0.7,27.4
CCCCC(=O)OCC,338,1,0.8,34.2
CCCCC(=O)OCC,338,1,0.9,39.6
CCCCC(=O)OCC,338,1,1,42.9
CCCCC(=O)OCC,338,1,1.1,43.3
COC(=O)OC,298,1,0.7,16.45
COC(=O)OC,298,1,0.8,22.43
COC(=O)OC,298,1,0.9,26.34
COC(=O)OC,298,1,1,28.96
COC(=O)OC,318,1,0.7,18
COC(=O)OC,318,1,0.8,24.45
COC(=O)OC,318,1,0.9,29.14
COC(=O)OC,318,1,1,32.15
COC(=O)OC,318,1,1.1,32.98
COC(=O)OC,318,1,1.2,31.87
COC(=O)OC,318,1,1.3,29.19
COC(=O)OC,318,1,1.4,24.51
COC(=O)OC,338,1,0.7,20.25
COC(=O)OC,338,1,0.8,27.3
COC(=O)OC,338,1,0.9,32.15
COC(=O)OC,338,1,1,35.13
COC(=O)OC,338,1,1.1,36.17
COC(=O)OC,338,1,1.2,35.13
COC(=O)OC,338,1,1.3,31.95
COC(=O)OC,338,1,1.4,27.24
COC(=O)OC,358,1,0.7,23.25
COC(=O)OC,358,1,0.8,30.2
COC(=O)OC,358,1,0.9,35.76
COC(=O)OC,358,1,1,39.01
COC(=O)OC,358,1,1.1,39.87
COC(=O)OC,358,1,1.2,38.67
COC(=O)OC,358,1,1.3,35.64
COC(=O)OC,358,1,1.4,29.75
CCOC(=O)OCC,393,1,0.7,33.8
CCOC(=O)OCC,393,1,0.8,42.1
CCOC(=O)OCC,393,1,0.9,49.5
CCOC(=O)OCC,393,1,1,52.7
CCOC(=O)OCC,393,1,1.1,55
CCOC(=O)OCC,393,1,1.2,52.7
CCOC(=O)OCC,393,1,1.3,47.6
CCOC(=O)OCC,393,1,1.4,38.8
CCOC(=O)OCC,393,2,0.7,26.9
CCOC(=O)OCC,393,2,0.8,39.5
CCOC(=O)OCC,393,2,0.95,43.5
CCOC(=O)OCC,393,2,1.07,46
CCOC(=O)OCC,393,2,1.2,42.8
CCOC(=O)OCC,393,2,1.3,36.4
CCOC(=O)OCC,393,3,0.7,25.1
CCOC(=O)OCC,393,3,0.8,30.7
CCOC(=O)OCC,393,3,0.87,35.3
CCOC(=O)OCC,393,3,0.93,38.5
CCCCCCCCCC(=O)OC  ,403,1,0.7,40.64
CCCCCCCCCC(=O)OC  ,403,1,0.8,52.04
CCCCCCCCCC(=O)OC  ,403,1,0.9,58.63
CCCCCCCCCC(=O)OC  ,403,1,1,61.02
CCCCCCCCCC(=O)OC  ,403,1,1.1,62.08
CCCCCCCCCC(=O)OC  ,403,1,1.2,56.66
CCCCCCCCCC(=O)OC  ,403,1,1.3,50.04
CCCCCCCCCC(=O)OC  ,403,1,1.4,36.44
COC,300,1,0.7,24.5
COC,300,1,0.8,31.8
COC,300,1,0.9,37
COC,300,1,1,41
COC,300,1,1.1,42
COC,300,1,1.2,41.4
COC,300,1,1.3,47
COC,300,1,1.4,32.1
COC,298,5,0.7,12.6
COC,298,5,0.8,18
COC,298,5,0.9,24.7
COC,298,5,1,30
COC,298,5,1.1,31
COC,298,5,1.2,30.6
COC,298,5,1.3,27.7
COC,298,5,1.4,23.4
COC,298,1,0.7,22.6
COC,298,1,0.8,29.2
COC,298,1,0.9,38.6
COC,298,1,1,43.2
COC,298,1,1.1,46.1
COC,298,1,1.2,45.3
COC,298,1,1.3,43
COC,298,1,1.4,37.7
COC,298,3,0.8,21.4
COC,298,3,1,33.3
COC,298,3,1.2,35.1
COC,298,5,0.8,18.2
COC,298,5,1,28.9
COC,298,5,1.2,31.4
COC,373,1,0.7,33.9
COC,373,1,0.8,45.8
COC,373,1,0.9,55
COC,373,1,1,61.9
COC,373,1,1.1,64.4
COC,373,1,1.2,63.9
COC,373,1,1.3,58.3
COC,373,1,1.4,50
CCOCC,298,1,0.7,22
CCOCC,298,1,0.8,28
CCOCC,298,1,0.9,35
CCOCC,298,1,1,40
CCOCC,298,1,1.1,41
CCOCC,298,1,1.2,40
CCOCC,298,1,1.3,36
CCOCC,298,1,1.4,29
CCOCC,328,1,0.7,25
CCOCC,328,1,0.8,35
CCOCC,328,1,0.9,42
CCOCC,328,1,1,46
CCOCC,328,1,1.1,48
CCOCC,328,1,1.2,46
CCOCC,328,1,1.3,43
CCOCC,328,1,1.4,35
CCOCC,378,1,0.7,34
CCOCC,378,1,0.8,44
CCOCC,378,1,0.9,51
CCOCC,378,1,1,57
CCOCC,378,1,1.1,61
CCOCC,378,1,1.2,59
CCOCC,378,1,1.3,54
CCOCC,378,1,1.4,45
CCOCC,398,1,0.7,37
CCOCC,398,1,0.8,48
CCOCC,398,1,0.9,56
CCOCC,398,1,1,63
CCOCC,398,1,1.1,65
CCOCC,398,1,1.2,64
CCOCC,398,1,1.3,58
CCOCC,398,1,1.4,50
COCOC,393,1,0.7,35.4
COCOC,393,1,0.8,46.23
COCOC,393,1,0.9,54.78
COCOC,393,1,1,62.19
COCOC,393,1,1.1,66.94
COCOC,393,1,1.2,68.13
COCOC,393,1,1.3,65.79
COCOC,393,1,1.4,59.12
COCOC,298,1,0.8,29.6
COCOC,298,1,0.9,37.2
COCOC,298,1,1,43.4
COCOC,298,1,1.1,46.6
COCOC,298,1,1.2,47.6
COCOC,298,1,1.3,46.1
COCOC,373,1,0.7,32.3
COCOC,373,1,0.8,45.6
COCOC,373,1,0.9,53.7
COCOC,373,1,1,60.4
COCOC,373,1,1.1,63.3
COCOC,373,1,1.2,63.6
COCOC,373,1,1.3,60.6
COCOC,373,1,1.4,54.5
COCOC,298,3,0.8,21.4
COCOC,298,3,1,30.8
COCOC,298,3,1.2,36.9
COCOC,298,5,0.8,17.1
COCOC,298,5,1,26.7
COCOC,298,5,1.2,32.1
COCOCOC,393,1,0.7,39.12
COCOCOC,393,1,0.8,48.35
COCOCOC,393,1,0.9,60
COCOCOC,393,1,1,66.68
COCOCOC,393,1,1.2,72.32
COCOCOC,393,1,1.4,64
COCOCOC,383,1,0.7,33.84
COCOCOC,383,1,0.8,45.89
COCOCOC,383,1,0.9,55.35
COCOCOC,383,1,1,62.8
COCOCOC,383,1,1.2,69.37
COCOCOC,383,1,1.4,63.02
COCOCOCOC,408,1,0.8,51.3
COCOCOCOC,408,1,0.9,61.5
COCOCOCOC,408,1,1,68.5
COCOCOCOC,408,1,1.1,73.3
COCOCOCOC,408,1,1.2,74.8
COCOCOCOC,408,1,1.3,73
COCOCOCOC,408,1,1.4,67.7
CC(C)(C)OC,298,1,0.7,21.8
CC(C)(C)OC,298,1,0.8,27.8
CC(C)(C)OC,298,1,0.9,31.6
CC(C)(C)OC,298,1,1,34.5
CC(C)(C)OC,298,1,1.1,35
CC(C)(C)OC,298,1,1.2,32.5
CC(C)(C)OC,298,1,1.3,27.6
CC(C)(C)OC,298,1,1.4,20.5
CC(C)(C)OC,373,1,0.7,27.2
CC(C)(C)OC,373,1,0.8,36.8
CC(C)(C)OC,373,1,0.9,43.2
CC(C)(C)OC,373,1,1,47.9
CC(C)(C)OC,373,1,1.1,49.2
CC(C)(C)OC,373,1,1.2,45.5
CC(C)(C)OC,373,1,1.3,41.3
CC(C)(C)OC,373,1,1.4,33.3
CCOCOCC,398,1,0.8,49.4
CCOCOCC,398,1,0.9,57.3
CCOCOCC,398,1,1,63.2
CCOCOCC,398,1,1.2,66.7
CCOCOCC,398,1,1.3,65.6
CCOCOCC,398,1,1.4,63.4
CCOCOCC,398,2.5,0.8,37.8
CCOCOCC,398,2.5,0.9,46.2
CCOCOCC,398,2.5,1,53.1
CCOCOCC,398,2.5,1.2,56.6
CCOCOCC,398,2.5,1.3,55.4
CCOC(C)(C)C,298,1,0.7,19.3
CCOC(C)(C)C,298,1,0.8,25.4
CCOC(C)(C)C,298,1,0.9,30
CCOC(C)(C)C,298,1,1,32.9
CCOC(C)(C)C,298,1,1.1,33.7
CCOC(C)(C)C,298,1,1.2,32.8
CCOC(C)(C)C,298,1,1.3,28.4
CCOC(C)(C)C,298,1,1.4,21.3
CCOC(C)(C)C,373,1,0.7,24.1
CCOC(C)(C)C,373,1,0.8,33.6
CCOC(C)(C)C,373,1,0.9,40
CCOC(C)(C)C,373,1,1,44.3
CCOC(C)(C)C,373,1,1.1,47.1
CCOC(C)(C)C,373,1,1.2,46.1
CCOC(C)(C)C,373,1,1.3,42.9
CCOC(C)(C)C,373,1,1.4,37.1
CCCCOCCCC,373,1,0.7,35.1
CCCCOCCCC,373,1,0.8,46.3
CCCCOCCCC,373,1,0.9,53.3
CCCCOCCCC,373,1,1,57
CCCCOCCCC,373,1,1.1,58.1
CCCCOCCCC,373,1,1.2,54.8
CCCCOCCCC,373,1,1.3,47.2
CCCCOCCCC,373,1,1.4,37.9
C1CCOC1  ,298,1,0.7,24
C1CCOC1  ,298,1,0.8,30
C1CCOC1  ,298,1,0.9,36
C1CCOC1  ,298,1,1,40
C1CCOC1  ,298,1,1.1,43
C1CCOC1  ,298,1,1.2,42
C1CCOC1  ,298,1,1.3,38
C1CCOC1  ,298,1,1.4,34
C1CCOC1  ,358,1,0.7,30
C1CCOC1  ,358,1,0.8,39
C1CCOC1  ,358,1,0.9,48
C1CCOC1  ,358,1,1,52
C1CCOC1  ,358,1,1.1,55
C1CCOC1  ,358,1,1.2,54
C1CCOC1  ,358,1,1.3,50
C1CCOC1  ,358,1,1.4,42
C1CCOC1  ,398,1,0.7,39
C1CCOC1  ,398,1,0.8,49
C1CCOC1  ,398,1,0.9,58
C1CCOC1  ,398,1,1,65
C1CCOC1  ,398,1,1.1,66
C1CCOC1  ,398,1,1.2,65
C1CCOC1  ,398,1,1.3,60
C1CCOC1  ,398,1,1.4,50
C1CCOCC1  ,298,1,0.7,24
C1CCOCC1  ,298,1,0.8,31
C1CCOCC1  ,298,1,0.9,38
C1CCOCC1  ,298,1,1,42
C1CCOCC1  ,298,1,1.1,44
C1CCOCC1  ,298,1,1.2,43
C1CCOCC1  ,298,1,1.3,38
C1CCOCC1  ,298,1,1.4,35
C1CCOCC1  ,358,1,0.7,31
C1CCOCC1  ,358,1,0.8,41
C1CCOCC1  ,358,1,0.9,50
C1CCOCC1  ,358,1,1,55
C1CCOCC1  ,358,1,1.1,57
C1CCOCC1  ,358,1,1.2,56
C1CCOCC1  ,358,1,1.3,51
C1CCOCC1  ,358,1,1.4,42
C1CCOCC1  ,398,1,0.7,40
C1CCOCC1  ,398,1,0.8,51
C1CCOCC1  ,398,1,0.9,59
C1CCOCC1  ,398,1,1,65
C1CCOCC1  ,398,1,1.1,68
C1CCOCC1  ,398,1,1.2,66
C1CCOCC1  ,398,1,1.3,60
C1CCOCC1  ,398,1,1.4,50
CC1CCCO1,298,1,0.7,21
CC1CCCO1,298,1,0.8,28
CC1CCCO1,298,1,0.9,33
CC1CCCO1,298,1,1,36
CC1CCCO1,298,1,1.1,38
CC1CCCO1,298,1,1.2,36
CC1CCCO1,298,1,1.3,34
CC1CCCO1,298,1,1.4,28
CC1CCCO1,358,1,0.7,29
CC1CCCO1,358,1,0.8,38
CC1CCCO1,358,1,0.9,44
CC1CCCO1,358,1,1,49
CC1CCCO1,358,1,1.1,50
CC1CCCO1,358,1,1.2,49
CC1CCCO1,358,1,1.3,43
CC1CCCO1,358,1,1.4,37
CC1CCCO1,398,1,0.7,35
CC1CCCO1,398,1,0.8,45
CC1CCCO1,398,1,0.9,53
CC1CCCO1,398,1,1,59
CC1CCCO1,398,1,1.1,60
CC1CCCO1,398,1,1.2,58
CC1CCCO1,398,1,1.3,52
CC1CCCO1,398,1,1.4,44
CC1CCCO1,373,1,0.7,30.1
CC1CCCO1,373,1,0.8,41.1
CC1CCCO1,373,1,0.9,48.4
CC1CCCO1,373,1,1,51.1
CC1CCCO1,373,1,1.1,53.7
CC1CCCO1,373,1,1.2,50.9
CC1CCCO1,373,1,1.3,45.9
CC1CCCO1,373,1,1.4,38.4
CC1CCCO1,423,1,0.7,41.4
CC1CCCO1,423,1,0.8,52.4
CC1CCCO1,423,1,0.9,59.7
CC1CCCO1,423,1,1,64.2
CC1CCCO1,423,1,1.1,63.4
CC1CCCO1,423,1,1.2,61.9
CC1CCCO1,423,1,1.3,54.9
CC1CCCO1,423,1,1.4,46.4
CC1CCCO1,453,1,0.8,55.9
CC1CCCO1,453,1,0.9,67.2
CC1CCCO1,453,1,1,71.5
CC1CCCO1,453,1,1.1,74.5
CC1CCCO1,453,1,1.2,72.5
CC1CCCO1,453,1,1.3,67.2
CC1CCCO1,453,1,1.4,56.4
CC1CCCO1,423,2,0.7,30.4
CC1CCCO1,423,2,0.8,40.3
CC1CCCO1,423,2,0.9,47.6
CC1CCCO1,423,2,1,53.4
CC1CCCO1,423,2,1.1,57
CC1CCCO1,423,2,1.2,54.3
CC1CCCO1,423,2,1.3,48.1
CC1CCCO1,423,2,1.4,39.2
CC1CCCO1,423,4,0.8,30.8
CC1CCCO1,423,4,0.9,38.1
CC1CCCO1,423,4,1,43
CC1CCCO1,423,4,1.1,44.5
CC1CCCO1,423,4,1.2,43
CC1CCCO1,423,4,1.3,37.7
CC1=CC=CO1,363,1,0.7,37.8
CC1=CC=CO1,363,1,0.8,43.5
CC1=CC=CO1,363,1,0.9,52.1
CC1=CC=CO1,363,1,1,53.7
CC1=CC=CO1,363,1,1.1,55.5
CC1=CC=CO1,363,1,1.2,51.7
CC1=CC=CO1,363,1,1.3,49.9
CC1=CC=CO1,363,1,1.4,44.7
CC1=CC=CO1,363,2,0.7,27.6
CC1=CC=CO1,363,2,0.8,36.8
CC1=CC=CO1,363,2,0.9,41.6
CC1=CC=CO1,363,2,1,46.5
CC1=CC=CO1,363,2,1.1,49.4
CC1=CC=CO1,363,2,1.2,48
CC1=CC=CO1,363,2,1.3,46.6
CC1=CC=CO1,363,2,1.4,43.2
CC1=CC=CO1,363,4,0.7,17.4
CC1=CC=CO1,363,4,0.8,25.9
CC1=CC=CO1,363,4,0.9,36.3
CC1=CC=CO1,363,4,1,41.5
CC1=CC=CO1,363,4,1.1,46.6
CC1=CC=CO1,363,4,1.2,45
CC1=CC=CO1,363,4,1.3,40.9
CC1=CC=CO1,363,4,1.4,36.3
CC1=CC=CO1,363,1,0.7,36.7
CC1=CC=CO1,363,1,0.8,47.3
CC1=CC=CO1,363,1,0.9,52.7
CC1=CC=CO1,363,1,1,55.5
CC1=CC=CO1,363,1,1.1,58
CC1=CC=CO1,363,1,1.2,55.3
CC1=CC=CO1,363,1,1.3,51.4
CC1=CC=CO1,363,1,1.4,41
CC1=CC=CO1,363,2,0.7,30.3
CC1=CC=CO1,363,2,0.8,37.3
CC1=CC=CO1,363,2,0.9,43.6
CC1=CC=CO1,363,2,1,48.4
CC1=CC=CO1,363,2,1.1,49.9
CC1=CC=CO1,363,2,1.2,49.5
CC1=CC=CO1,363,2,1.3,48
CC1=CC=CO1,363,2,1.4,41
CC1=CC=CO1,363,4,0.7,18.7
CC1=CC=CO1,363,4,0.8,27.3
CC1=CC=CO1,363,4,0.9,33.6
CC1=CC=CO1,363,4,1,38.5
CC1=CC=CO1,363,4,1.1,41.7
CC1=CC=CO1,363,4,1.2,45.2
CC1=CC=CO1,363,4,1.3,41.5
CC1=CC=CO1,363,4,1.4,34.8
CC1=CC=C(O1)C,323,1,0.83,35
CC1=CC=C(O1)C,323,1,1.02,38
CC1=CC=C(O1)C,323,1,1.18,41
CC1=CC=C(O1)C,323,1,1.36,31
CC1=CC=C(O1)C,348,1,0.9,43
CC1=CC=C(O1)C,348,1,1.13,45
CC1=CC=C(O1)C,348,1,1.32,41
CC1=CC=C(O1)C,373,1,0.8,42
CC1=CC=C(O1)C,373,1,1,45
CC1=CC=C(O1)C,373,1,1.2,49
CC1=CC=C(O1)C,373,1,1.4,36
CC1=CC=C(O1)C,328,1,0.7,30.3
CC1=CC=C(O1)C,328,1,0.8,39.3
CC1=CC=C(O1)C,328,1,0.9,46.5
CC1=CC=C(O1)C,328,1,1,50.8
CC1=CC=C(O1)C,328,1,1.1,52.9
CC1=CC=C(O1)C,328,1,1.2,51.4
CC1=CC=C(O1)C,328,1,1.3,47.5
CC1=CC=C(O1)C,328,1,1.4,41
CC1=CC=C(O1)C,298,1,0.7,21.4
CC1=CC=C(O1)C,298,1,0.8,28.4
CC1=CC=C(O1)C,298,1,0.9,33.9
CC1=CC=C(O1)C,298,1,1,37.2
CC1=CC=C(O1)C,298,1,1.1,39.3
CC1=CC=C(O1)C,298,1,1.2,38.3
CC1=CC=C(O1)C,298,1,1.3,35
CC1=CC=C(O1)C,298,1,1.4,29.9
CC1=CC=C(O1)C,358,1,0.7,30.2
CC1=CC=C(O1)C,358,1,0.8,38
CC1=CC=C(O1)C,358,1,0.9,45.3
CC1=CC=C(O1)C,358,1,1,49.9
CC1=CC=C(O1)C,358,1,1.1,51.4
CC1=CC=C(O1)C,358,1,1.2,50.7
CC1=CC=C(O1)C,358,1,1.3,45.7
CC1=CC=C(O1)C,358,1,1.4,39.6
COC1=CC=CC=C1,500,2,0.8,56
COC1=CC=CC=C1,500,2,0.9,63
COC1=CC=CC=C1,500,2,1,68
COC1=CC=CC=C1,500,2,1.1,70
COC1=CC=CC=C1,500,2,1.2,69
COC1=CC=CC=C1,500,2,1.3,62
COC1=CC=CC=C1,500,2,1.4,53
COC1=CC=CC=C1,500,3,0.8,51
COC1=CC=CC=C1,500,3,0.9,60
COC1=CC=CC=C1,500,3,1,64
COC1=CC=CC=C1,500,3,1.1,65
COC1=CC=CC=C1,500,3,1.2,63
COC1=CC=CC=C1,500,3,1.3,59
COC1=CC=CC=C1,500,3,1.4,49
COC1=CC=CC=C1,460,2,0.8,49
COC1=CC=CC=C1,460,2,0.9,56
COC1=CC=CC=C1,460,2,1,60
COC1=CC=CC=C1,460,2,1.1,61
COC1=CC=CC=C1,460,2,1.2,59
COC1=CC=CC=C1,460,2,1.3,54
COC1=CC=CC=C1,460,2,1.4,47
COC1=CC=CC=C1,358,1,0.7,36.3
COC1=CC=CC=C1,358,1,0.8,45
COC1=CC=CC=C1,358,1,0.9,51.9
COC1=CC=CC=C1,358,1,1,55.7
COC1=CC=CC=C1,358,1,1.1,56.7
COC1=CC=CC=C1,358,1,1.2,53.4
COC1=CC=CC=C1,423,1,0.7,45.6
COC1=CC=CC=C1,423,1,0.8,56.3
COC1=CC=CC=C1,423,1,0.9,64.1
COC1=CC=CC=C1,423,1,1,68.1
COC1=CC=CC=C1,423,1,1.05,69.2
COC1=CC=CC=C1,423,1,1.1,68.7
COC1=CC=CC=C1,423,1,1.2,65.1
COC1=CC=CC=C1,423,1,1.3,57.2
CC1=CC=C(C=C1)OC,423,1,0.7,42.4
CC1=CC=C(C=C1)OC,423,1,0.8,51.9
CC1=CC=C(C=C1)OC,423,1,0.9,59.5
CC1=CC=C(C=C1)OC,423,1,1,64.6
CC1=CC=C(C=C1)OC,423,1,1.1,65.7
CC1=CC=C(C=C1)OC,423,1,1.2,62.5
CC1=CC=C(C=C1)OC,423,1,1.3,53.9
CC,298,1,0.598756,12.0582
CC,298,1,0.6523099,16.15669
CC,298,1,0.6992124,20.48947
CC,298,1,0.7505425,24.5498
CC,298,1,0.8018731,28.61752
CC,298,1,0.8671928,33.11737
CC,298,1,0.9111398,35.72124
CC,298,1,0.9505218,38.04724
CC,298,1,1.000192,38.99391
CC,298,1,1.059052,40.9082
CC,298,1,1.108017,40.32183
CC,298,1,1.15543,39.71577
CC,298,1,1.200088,38.12542
CC,298,1,1.299663,31.17702
CC,298,1,1.394693,22.47304
CC,298,1,1.494177,13.93675
CCC,298,1,0.7,22.5
CCC,298,1,0.75,26.8
CCC,298,1,0.8,30
CCC,298,1,0.9,35.2
CCC,298,1,1,38.3
CCC,298,1,1.05,38.8
CCC,298,1,1.1,38.5
CCC,298,1,1.15,37.5
CCC,298,1,1.2,36
CCC,298,1,1.3,28.5
CCC,298,1,1.4,18.7
CCCC,298,1,0.7,21.1
CCCC,298,1,0.75,23.6
CCCC,298,1,0.8,28.2
CCCC,298,1,0.9,33.6
CCCC,298,1,1,36.9
CCCC,298,1,1.02,37.4
CCCC,298,1,1.05,37.8
CCCC,298,1,1.1,37.3
CCCC,298,1,1.15,36
CCCC,298,1,1.2,34.3
CCCC,298,1,1.3,27.3
CCCC,298,1,1.4,18.5
CCCCC,353,1,0.7,27.59
CCCCC,353,1,0.8,35.71
CCCCC,353,1,0.9,43.07
CCCCC,353,1,1,46.01
CCCCC,353,1,1.1,47.8
CCCCC,353,1,1.2,46.27
CCCCC,353,1,1.3,41.91
CCCCC,353,1,1.4,30.07
CCCCC,353,1,1.5,22.13
CCCCC,353,1,1.6,15.02
CCCCC,353,2,0.7,23.0366
CCCCC,353,2,0.8,30.8189
CCCCC,353,2,0.9,37.395
CCCCC,353,2,1,40.6725
CCCCC,353,2,1.1,42.0769
CCCCC,353,2,1.2,40.86
CCCCC,353,2,1.3,34.0425
CCCCC,353,5,0.7,16.6441
CCCCC,353,5,0.8,23.5803
CCCCC,353,5,0.9,29.4984
CCCCC,353,5,1,32.1167
CCCCC,353,5,1.1,33.0897
CCCCCC,353,1,0.7500585,31.04326
CCCCCC,353,1,0.8020494,35.24173
CCCCCC,353,1,0.856304,39.69466
CCCCCC,353,1,0.8991713,41.3486
CCCCCC,353,1,0.9623834,44.65649
CCCCCC,353,1,1.005239,46.05598
CCCCCC,353,1,1.050359,47.70992
CCCCCC,353,1,1.09992,47.96438
CCCCCC,353,1,1.149464,47.83715
CCCCCC,353,1,1.196663,45.6743
CCCCCC,353,1,1.26187,43.257
CCCCCC,353,1,1.302233,39.31298
CCCCCC,353,1,1.338051,34.47837
CCCCCC,353,1,1.396466,31.29771
CCCCCC,353,1,1.450366,27.8626
CCCCCC,353,1,1.497502,24.30025
CCCCCC,353,1,1.54688,20.48346
CCCCCC,353,1,1.603049,17.43003
CCCCCC,353,2,0.7001593,23.28244
CCCCCC,353,2,0.7996023,30.91603
CCCCCC,353,2,0.8967299,37.15013
CCCCCC,353,2,0.9982475,40.83969
CCCCCC,353,2,1.104166,42.23919
CCCCCC,353,2,1.198658,39.94911
CCCCCC,353,2,1.302044,35.1145
CCCCCC,353,5,0.695374,17.04835
CCCCCC,353,5,0.8015737,24.68193
CCCCCC,353,5,0.9076875,30.40712
CCCCCC,353,5,1.002385,32.6972
CCCCCC,353,5,1.094796,34.22392
CCCCCCCC,353,1,0.6980687,27.27606
CCCCCCCC,353,1,0.7523125,31.48834
CCCCCCCC,353,1,0.8110723,35.95622
CCCCCCCC,353,1,0.8562554,39.02115
CCCCCCCC,353,1,0.8992492,43.48501
CCCCCCCC,353,1,0.9443693,45.15044
CCCCCCCC,353,1,0.9984928,46.69093
CCCCCCCC,353,1,1.054868,48.23199
CCCCCCCC,353,1,1.09765,47.98842
CCCCCCCC,353,1,1.153957,48.00275
CCCCCCCC,353,1,1.194487,47.75861
CCCCCCCC,353,1,1.250702,45.73729
CCCCCCCC,353,1,1.302373,42.82423
CCCCCCCC,353,1,1.349441,37.74715
CCCCCCCC,353,1,1.405479,31.78176
CCCCCCCC,353,1,1.450352,27.97639
CCCCCCCC,353,1,1.499736,24.29939
CCCCCCCC,353,1,1.544599,20.23956
CCCCCCCC,353,1,1.598521,17.32707
CCCCCCCC,353,1,1.652404,13.52398
CCCCCCCC,353,1,1.6951,11.372
CCCCCCCC,353,2,0.704665,23.7154
CCCCCCCC,353,2,0.7973523,31.37257
CCCCCCCC,353,2,0.8945097,38.26752
CCCCCCCC,353,2,1.002802,42.36632
CCCCCCCC,353,2,1.104184,43.02825
CCCCCCCC,353,2,1.200934,40.89002
CCCCCCCC,353,2,1.302035,35.31778
CCCCCCCC,353,5,0.6930369,15.56995
CCCCCCCC,353,5,0.7992664,23.8667
CCCCCCCC,353,5,0.8919308,31.01496
CCCCCCCC,353,5,1.015903,33.20935
CCCCCCCC,353,5,1.110562,34.63293
CC(C)C,298,1,0.7,19.7
CC(C)C,298,1,0.8,25.8
CC(C)C,298,1,0.85,28.3
CC(C)C,298,1,0.9,30.5
CC(C)C,298,1,1,33.4
CC(C)C,298,1,1.05,33.8
CC(C)C,298,1,1.1,33.3
CC(C)C,298,1,1.15,31.9
CC(C)C,298,1,1.2,30.3
CC(C)C,298,1,1.3,23.6
CC(C)C,298,1,1.4,16.8
CC(C)C,298,1,1.5,12
CC(C)(C)CC(C)C,353,1,0.6959107,24.20048
CC(C)(C)CC(C)C,353,1,0.809825,32.18831
CC(C)(C)CC(C)C,353,1,0.9034556,40.18072
CC(C)(C)CC(C)C,353,1,1.003025,44.56005
CC(C)(C)CC(C)C,353,1,1.047667,45.00144
CC(C)(C)CC(C)C,353,1,1.102415,44.53762
CC(C)(C)CC(C)C,353,1,1.20768,39.32198
CC(C)(C)CC(C)C,353,1,1.304759,32.30232
CC(C)(C)CC(C)C,353,1,1.403833,24.49215
CC(C)(C)CC(C)C,353,1,1.49675,14.8775
C1CCCCC1,353,1,0.6667891,28.34515
C1CCCCC1,353,1,0.7120527,32.69508
C1CCCCC1,353,1,0.7626484,37.68917
C1CCCCC1,353,1,0.8079205,42.19988
C1CCCCC1,353,1,0.8663611,45.26629
C1CCCCC1,353,1,0.9167439,46.24104
C1CCCCC1,353,1,0.9671692,48.01967
C1CCCCC1,353,1,1.03084,49.80095
C1CCCCC1,353,1,1.059928,48.84217
C1CCCCC1,353,1,1.118147,47.72846
C1CCCCC1,353,1,1.178981,45.9722
C1CCCCC1,353,1,1.200139,45.33337
C1CCCCC1,353,1,1.260854,41.32627
C1CCCCC1,353,1,1.31628,37.47889
C1CCCCC1,353,1,1.358358,31.69957
C1CCCCC1,353,1,1.416432,27.85272
C1CCCCC1,353,1,1.469123,22.39707
C1CCCCC1,353,1,1.519318,19.83481
C1CCCCC1,353,1,1.572129,16.62999
C1CCCCC1,353,1,1.611651,12.61864
C1CCCCC1,353,2,0.6692337,24.48712
C1CCCCC1,353,2,0.7729464,32.06423
C1CCCCC1,353,2,0.873959,38.67617
C1CCCCC1,353,2,0.9642306,42.55284
C1CCCCC1,353,2,1.062287,43.3764
C1CCCCC1,353,2,1.170736,40.34353
C1CCCCC1,353,2,1.271169,36.02288
C1CCCCC1,353,2,1.368707,27.03927
C1CCCCC1,353,5,0.674174,17.7357
C1CCCCC1,353,5,0.7646245,24.98861
C1CCCCC1,353,5,0.8709096,31.11929
C1CCCCC1,353,5,0.9743497,33.55166
C1CCCCC1,353,5,1.075132,35.82271
C1CCCCC1,353,5,1.167729,33.59052
CC1CCCCC1,353,1,0.6773898,26.62166
CC1CCCCC1,353,1,0.7755242,35.04162
CC1CCCCC1,353,1,0.8788382,41.54972
CC1CCCCC1,353,1,0.9767539,45.82959
CC1CCCCC1,353,1,1.071853,46.76608
CC1CCCCC1,353,1,1.174746,45.31248
CC1CCCCC1,353,1,1.264271,40.67682
CC1CCCCC1,353,1,1.369334,30.30559
CC1CCCCC1,353,1,1.466518,20.73211
CC1CCCCC1,353,1,1.571816,14.81943
CC1CCCCC1,353,1,1.674567,10.65885
CC1CCCCC1,353,2,0.6692673,22.80162
CC1CCCCC1,353,2,0.7752551,29.94613
CC1CCCCC1,353,2,0.8732382,35.49988
CC1CCCCC1,353,2,0.9764344,39.7787
CC1CCCCC1,353,2,1.074174,40.71466
CC1CCCCC1,353,2,1.177059,39.10183
CC1CCCCC1,353,2,1.27452,34.78306
CC1CCCCC1,353,2,1.377052,26.4824
CC1CCCCC1,353,5,0.6768685,16.74916
CC1CCCCC1,353,5,0.7722365,22.78113
CC1CCCCC1,353,5,0.8675373,27.53923
CC1CCCCC1,353,5,0.9786542,31.81648
CC1CCCCC1,353,5,1.08698,33.22804
C=CC,298,1,0.7,24.4
C=CC,298,1,0.8,32.5
C=CC,298,1,0.9,38.4
C=CC,298,1,1,42
C=CC,298,1,1.05,43.2
C=CC,298,1,1.1,43.2
C=CC,298,1,1.15,42
C=CC,298,1,1.2,40.5
C=CC,298,1,1.3,34.5
C=CC,298,1,1.4,25.5
C=CC,298,1,1.5,18
C=C(C)C,298,1,0.7,17.3
C=C(C)C,298,1,0.8,25.8
C=C(C)C,298,1,0.9,31.5
C=C(C)C,298,1,1,35
C=C(C)C,298,1,1.05,35.9
C=C(C)C,298,1,1.1,35.3
C=C(C)C,298,1,1.15,34
C=C(C)C,298,1,1.2,32.5
C=C(C)C,298,1,1.3,26
C=C(C)C,298,1,1.4,17.8
C=C(C)C,298,1,1.5,10.6
C1=CC=CC=C1,353,1,0.6953347,36.19586
C1=CC=CC=C1,353,1,0.798783,44.44682
C1=CC=CC=C1,353,1,0.9002028,50.4402
C1=CC=CC=C1,353,1,1.009736,54.0643
C1=CC=CC=C1,353,1,1.052333,54.63345
C1=CC=CC=C1,353,1,1.090872,53.39626
C1=CC=CC=C1,353,1,1.196349,49.45783
C1=CC=CC=C1,353,1,1.301826,41.34332
C1=CC=CC=C1,353,1,1.395132,30.18004
C1=CC=CC=C1,353,1,1.49858,21.95244
CO,343,1,0.7008547,24.2162
CO,343,1,0.7982906,35.92194
CO,343,1,0.9025641,42.24643
CO,343,1,1.003419,52.51698
CO,343,1,1.104274,57.28753
CO,343,1,1.2,56.79783
CO,343,1,1.302564,53.79643
CO,343,1,1.403419,47.44742
CO,343,1,1.504274,38.22884
CCO,343,1,0.7008547,24.2162
CCO,343,1,0.7982906,35.92194
CCO,343,1,0.9025641,42.24643
CCO,343,1,1.003419,52.51698
CCO,343,1,1.104274,57.28753
CCO,343,1,1.2,56.79783
CCO,343,1,1.302564,53.79643
CCO,343,1,1.403419,47.44742
CCO,343,1,1.504274,38.22884
C=C=C,373,1,0.6801105,52.5816
C=C=C,373,1,0.7077348,57.12166
C=C=C,373,1,0.8209945,73.1454
C=C=C,373,1,0.8872928,79.5549
C=C=C,373,1,0.9895028,87.83383
C=C=C,373,1,1.094475,90.77151
C=C=C,373,1,1.19116,90.23739
C=C=C,373,1,1.301657,85.1632
C=C=C,373,1,1.403867,75.54896
C=C=C,373,1,1.503315,55.25223
C=C=C,373,2,0.5779006,29.61424
C=C=C,373,2,0.6939227,47.50742
C=C=C,373,2,0.7878453,61.66172
C=C=C,373,2,0.901105,71.0089
C=C=C,373,2,1.014365,79.5549
C=C=C,373,2,1.094475,80.89021
C=C=C,373,2,1.20221,78.75371
C=C=C,373,2,1.296133,73.1454
C=C=C,373,2,1.398343,61.92878
C=C=C,373,2,1.49779,48.84273
C#CC,373,1,0.7075216,59.96101
C#CC,373,1,0.7720762,70.48733
C#CC,373,1,0.8399238,77.50487
C#CC,373,1,0.9077588,85.30214
C#CC,373,1,1.001509,91.53996
C#CC,373,1,1.130902,95.04873
C#CC,373,1,1.208629,91.53996
C#CC,373,1,1.299326,86.47173
C#CC,373,1,1.425735,74.38596
C#CC,373,1,1.490586,66.58869
C#CC,373,1,1.536114,52.94347
C#CC,373,2,0.7108714,52.94347
C#CC,373,2,0.7302384,56.06238
C#CC,373,2,0.7754386,62.69006
C#CC,373,2,0.8012844,65.4191
C#CC,373,2,0.8949715,75.55556
C#CC,373,2,1.004884,82.96296
C#CC,373,2,1.105163,85.69201
C#CC,373,2,1.208774,82.5731
C#CC,373,2,1.283302,76.72515
C#CC,373,2,1.425867,66.19883
C#CC,373,2,1.490781,54.50292
C#C,298,1,0.5965621,63.43284
C#C,298,1,0.7977038,106.3433
C#C,298,1,1.001971,127.6119
C#C,298,1,1.105943,134.3284
C#C,298,1,1.201818,138.0597
C#C,298,1,1.305536,138.4328
C#C,298,1,1.401099,134.3284
C#C,298,1,1.59977,115.2985
C#C,298,1,1.707031,104.4776
C#C,298,1,2.000967,73.8806
C#C,298,2,0.7019608,74.96512
C#C,298,2,0.8,84.49273
C#C,298,2,0.8980392,108.0653
C#C,298,2,1.007843,112.2531
C#C,298,2,1.101961,125.4333
C#C,298,2,1.2,131.0283
C#C,298,2,1.403922,126.2053
C#C,298,2,1.596078,107.3401
C#C,298,2,1.792157,85.10318
C#C,298,2,1.996078,63.70713
